"Elements","2021-5","2021-6","2021-7","2021-8","2021-9","2021-10","2021-11","2021-12","2022-1","2022-2","2022-3","2022-4","2022-5","2022-6","2022-7","2022-8","2022-9","2022-10","2022-11","2022-12","2023-1","2023-2","2023-3","2023-4","2023-5","2023-6","2023-7","2023-8","2023-9","2023-10","2023-11","2023-12","2024-1","2024-2","2024-3","2024-4","2024-5","2024-6","2024-11","2024-12","2025-1","2025-2","2025-3","2025-4","2025-5","2025-6","2025-7","2025-8","2025-9","2025-10","2025-11","2025-12","2026-1","2026-2","2026-3","2026-4"
"Al_Concentration (ng/m3)",33.4,118,254,529,703,213,613,488,648,337,664,96.7,190,907,322,322,469,421,564,452,400,477,281,184,197,164,501,248,474,433,610,468,240,166,590,245,281,417,4.51,0,0,0,0,0,0,1.89,0,0,0,0,0,0,0,0,0,0
"Si_Concentration (ng/m3)",0.0539,21.5,12.1,0.0137,0.00823,0.0146,0.0359,0.021,16.8,1.86,383,55.3,2.7,46.8,51.5,35,4.95,14,0.0211,0.0146,0.00334,5.44,0.0294,3.34,2.6,6.95,0.0133,25.7,34.1,44.1,1.04,0.648,10.9,84.7,0.00209,0.00662,12.9,1.49,0.959,0.00263,0.0162,0.0176,38.1,0,0.0362,2.52,2.34,0.0246,0.00252,0.00871,6.04,0.00827,0.003,19.1,0,13.4
"P_Concentration (ng/m3)",0,0,1.77,0.396,0.000214,0.00166,0.00363,0,0.00146,0.000183,0.000239,0,0.409,0.555,0.517,1.51,0.419,0.407,0.00249,0.814,0.0054,0.00117,0.00265,0.123,0.165,0.00854,0.00335,0.0103,0.00162,0.00134,0.00607,0.00787,0.479,0.00668,0.184,0.0031,0.559,1.29e-05,0.451,0.00604,0.00582,0.116,0.00189,0.0143,0.0076,0.00561,0.871,0.884,0.517,0.00549,1.47,0.00477,0.00122,0.00617,0,0.356
"S_Concentration (ng/m3)",472,494,500,361,346,206,205,188,395,123,510,652,477,495,416,478,352,185,187,311,152,241,216,387,427,458,305,276,318,207,168,170,207,142,373,214,485,603,372,117,230,569,442,385,317,387,680,307,199,280,179,119,291,272,141,337
"Cl_Concentration (ng/m3)",0,37.9,164,140,122,291,643,437,736,1150,400,335,376,366,58.4,122,219,673,822,509,864,702,645,230,240,103,222,266,379,252,693,777,662,541,415,747,41.8,146,329,545,573,542,488,260,427,176,154,509,349,485,560,860,414,585,799,701
"K_Concentration (ng/m3)",53,42.8,57.4,36.7,49.8,47.8,90.7,47.2,113,49,139,92.4,56,60,64.3,69.4,73,64.6,88,84.7,70.6,76.3,48.6,58.1,49.7,63,29.3,41,69,62.2,118,48.8,62.5,51.9,54.4,41.8,55.7,34.1,119,43.5,89.3,114,126,72.6,37.6,56,38.7,46.1,53,80.3,138,59.7,109,71.5,38.4,67.1
"Ca_Concentration (ng/m3)",47.6,65.4,78.2,33.1,36.9,30.7,48.6,46.5,63.8,65.9,209,129,64.3,64.4,74.1,72.5,49.7,41,40.6,30.8,35.9,54,43.7,51.5,58.4,64.4,28.8,51.3,60,41.2,31.9,30.7,36.9,37.5,30.2,42.1,45.3,30.2,30.2,18.9,62.3,33.5,72.4,92.1,24.5,26.9,24.4,32.9,24.9,26,25.3,29.2,23.1,32.3,25.9,55.3
"Ti_Concentration (ng/m3)",2.36,4.01,3.67,1.75,2.06,1.95,2.51,1.35,3.86,2.17,13,5.41,3.48,4.31,4.04,4.76,4.03,1.75,1.68,1.73,1.1,2.6,1.67,3.19,3.15,3.97,1.01,2.61,4.12,3.65,2.36,1.02,2.04,3.76,1.15,1.64,3.62,1.83,2.84,0.446,1.51,1.23,4.2,3.24,0.966,1.36,1.87,1.01,1.29,1.54,1.37,0.551,0.634,1.98,1,2.31
"V_Concentration (ng/m3)",0.246,0.25,0.17,0.0678,0.133,0.187,0.0111,0.063,0.0951,0.017,0.552,1.08,0.143,0.353,0.234,0.415,0.227,0.187,0.0894,0.114,0.077,0.288,0.0334,0.286,0.185,0.174,0.0258,0.0946,0.491,0.125,0.0678,0.0293,0.0475,0.0317,0.14,0.137,0.75,0.0721,0.13,0.0151,0.0891,0.0388,0.265,0.55,0.0105,0.104,0.00434,0.0235,0.105,0.0886,0.00996,0.0353,0.0451,0.048,0.0687,0.155
"Cr_Concentration (ng/m3)",0.000383,0.226,0.367,0.293,0.171,0.0451,0.158,0.000446,0.627,0.000301,0.913,0.433,0.237,48.6,0.0818,0.201,0.0632,0.0225,0.176,0.186,0.106,0.365,0.148,0.106,0.165,0.0617,8.24e-05,0.126,0.352,0.157,0.153,0.151,0.301,0.0405,0.0595,0.0919,0.219,0.0233,0.868,1.22,1.3,1.27,1.56,1.33,0.951,1.03,1.09,0.994,1.14,1.2,1.18,0.867,0.911,1.11,0.957,0.989
"Mn_Concentration (ng/m3)",0.397,1.55,1.19,0.337,0.452,0.241,0.914,0.35,1.96,0.247,3.68,1.96,0.829,1.4,0.915,1.28,0.936,0.181,0.366,0.697,0.288,0.904,0.41,0.799,0.9,0.947,0.0382,0.579,1.05,0.746,0.595,0.48,0.623,0.333,0.377,0.276,1.06,0.122,1.62,0.0487,0.299,0.363,0.907,0.0493,0.13,0.0649,0.0861,0.0484,0.287,0.285,0.226,0.0308,0.0531,0.176,0,0.0538
"Fe_Concentration (ng/m3)",96.6,88.4,89.8,54.9,75.5,62.1,108,77.8,178,67.1,246,149,79,89.6,87.8,110,90.4,56.4,70.6,79.6,55,105,66.2,88.3,85.5,94,39.5,75.7,119,99.8,77.9,42.1,65.8,63.3,56.4,46.5,95.8,52.1,131,45.5,78.5,68,122,70.3,46.9,42.9,46.2,40,53.8,57.3,46.7,31.5,42.7,46.7,7.78,62.8
"Co_Concentration (ng/m3)",0,0.00023,8.72e-05,0.000124,0.000156,0.000115,0.00013,0.012,0.0965,5.96e-05,0.00534,0.000162,0.000275,0.00283,5.47e-06,0.00671,0.000286,0.000292,0.00031,0.00026,0.000339,0.0122,0.017,0.000178,0.00315,0,0.00033,5.94e-05,0.000159,0.00283,0.00324,0.000153,0.000249,0.0136,0.00012,0.000169,0.00274,0.000211,0.00398,0.000215,6.49e-05,9.52e-05,8.82e-05,0,0.000146,0.000197,0.00388,0.000154,0.000207,0.000129,0.000428,0,0.000214,0.000223,0.000836,0.000261
"Ni_Concentration (ng/m3)",0.000415,0.0506,0.0691,0.0531,0.0246,0.0621,0.00689,0.01,0.253,9.09e-05,0.165,0.637,0.166,0.16,0.118,0.166,0.125,0.0432,0.0465,0.0175,0.0675,0.114,0.0385,0.0837,0.108,0.127,0.0121,0.0575,0.292,0.0606,0.0202,0.0904,0.0636,0.01,0.0728,0.0901,0.282,0.0516,0.235,0.0602,0.0879,0.121,0.238,0.217,0.228,0.109,0.287,0.0247,0.0512,0.11,0.0509,0.0116,0.0396,0.0774,0,0.0272
"Cu_Concentration (ng/m3)",3.51,2.86,6.43,2.88,3.82,3.62,7.08,5.52,10.5,4.19,6.98,4.44,3.72,14,3.74,4.43,8.22,3.22,4.79,6.13,4.08,6.95,3.62,3.01,3.14,3.63,2.54,3.1,4.56,3.78,6.53,2.54,3.87,2.85,2.63,2.17,3.28,2.19,6.98,2.25,4.46,3.16,4.22,2.43,2.53,1.65,2.29,1.59,2.69,3.3,5.24,1.95,3.26,1.92,0,2.05
"Zn_Concentration (ng/m3)",11.3,17,23.6,7.73,11.3,9.78,19.1,9.99,32.7,5.96,26.4,17.8,10.4,19.1,14.4,14.2,19.2,8.6,15.4,20.9,12.4,28.5,8.1,16.7,15.6,17.2,6.75,9.33,19.8,9.96,15.8,8.54,13.9,5.96,8.52,5.84,13.4,6.48,32.9,8.89,14.5,15.7,20.5,11,4.26,6.93,12.6,8.22,10.3,14.5,18.4,4.22,9.26,8.74,1.01,9.75
"Ga_Concentration (ng/m3)",0,0,0,4.83e-06,0,3.62e-06,0,5.6e-05,0,0,0,0,0,7.95e-06,0,2.76e-05,0,0,0,0,2.13e-05,5.95e-05,1.5e-05,0,3.66e-05,3.15e-05,0.000124,6.95e-05,2.79e-05,2.6e-05,2.73e-05,7.82e-05,3.85e-06,4.33e-05,1.52e-05,0.00152,2.77e-05,1.41e-05,0,0.000101,3.18e-05,3.5e-05,0,0,0,4.42e-05,2.4e-05,3.36e-05,3.87e-06,4.67e-06,0,0,1.04e-05,2.39e-05,0,0
"Ge_Concentration (ng/m3)",0,0,0,0,0,0,0,0,0,0,0,0,1.5e-05,0,0,0,0,7.04e-06,0,0,0,1.11e-05,0,0,0,0,0,0,0,0,9.21e-06,0,3.07e-05,0,2.64e-05,0,0,0,4.76e-05,0.000106,4.87e-05,3.4e-05,5.03e-05,0.000246,0.000287,0.000105,9.62e-05,3.93e-05,5.82e-05,0.000117,8.07e-05,8.78e-05,4.49e-05,4.47e-06,0.000233,0
"As_Concentration (ng/m3)",1.76,1.23,1.53,1.08,1.34,1.17,1.93,1.09,3,0.67,2.35,1.51,1.09,1.22,0.933,1.06,1.26,0.996,1.49,1.64,1.18,1.53,0.67,0.843,0.755,0.696,0.326,0.535,0.936,1.18,1.69,0.535,0.753,0.552,0.719,0.253,0.814,0.289,3.68,1.28,2.22,1.91,2.4,1.17,0.129,1.24,1.32,1.11,1.68,1.96,2.81,1.15,2.08,1.53,0.377,1.7
"Se_Concentration (ng/m3)",0.182,0.448,0.682,0.139,0.174,0.0436,0.152,0.176,0.25,6.84e-05,0.234,0.359,0.356,0.578,0.408,0.529,0.375,0.0148,0.0623,0.12,0.0115,0.0835,0.00406,0.0872,0.313,0.11,0.00962,0.0497,0.33,0.0646,0.0298,0.0948,0.291,0.00832,0.129,0.0411,0.469,0.403,0.0538,0.00396,0.0673,0.155,0.504,0.0706,0.268,0.0662,0.27,0.0555,0.183,0.492,0.0366,0.00013,0.204,0.074,0.00022,0.0748
"Br_Concentration (ng/m3)",5.39,2.81,2.96,2.45,3.22,2.69,3.97,2.2,6.97,2.97,6.84,5.45,3.37,4.1,2.93,4.68,3.37,2.99,4.61,4.79,2.78,16.4,3.12,2.97,3.51,3.86,1.65,2.26,4.02,3.23,6.16,3.3,4.46,3.98,3.18,2.58,5.4,2.24,6.73,2.35,4.51,4.59,6.81,2.79,2.61,2.83,3.02,2.6,3.42,4.19,4.81,3.01,4,3.37,2.47,3.95
"Sr_Concentration (ng/m3)",0.283,0.378,0.967,0.235,0.258,0.66,4.01,0.201,0.405,1.16,2.16,1.24,1.15,0.838,0.889,0.704,0.458,1.4,3.17,0.426,1.74,0.656,0.529,0.288,0.432,0.825,0,0.685,1.89,1.34,6.27,0.716,0.736,1.63,0.211,0.848,0.664,0.601,2,0.493,0.751,0.147,0.571,0.453,0.41,0.0595,0.0958,0.083,0.243,0.653,2.61,0.276,1.24,0.136,0,0.247
"Y_Concentration (ng/m3)",0,0,0,0,9.93e-06,0,0,0,0,0.0139,0,0,0,0.752,0,0,0,0,0,0,0,0,0,0,0,0,0,0,0.00788,0,0,0,0,0,0,0,0,2.82e-05,0.00918,0.0322,0.0483,0.0307,0.00963,0,0.102,0.555,0.744,0.679,0.0224,0.0223,0.0578,0.042,4.7e-05,0,0,7.97e-05
"Zr_Concentration (ng/m3)",0,0.00812,0,0,0,0.0126,0,0,0,0,0.0589,0,0,0.0622,0,0,0,0,0,0,0,0,0,5.95e-06,0,0,0,0.0391,0.0172,1.69e-05,0,6.94e-06,0,1.11e-05,2.86e-06,0,0,0,0,1.02e-05,0.015,0,0.0125,0,0.0553,0,0,0,0,0,0,0,0,0.0503,0,0
"Mo_Concentration (ng/m3)",0,0,0.0172,0,0.0117,0,0.0714,0,0.271,0,0.0418,0,0,0.0406,5.9e-06,0.0357,0,5.16e-05,0,0,0,0.0762,0,1.29e-05,0.0185,0,0,0,0,0.0195,0.0318,0,0,0.0149,0,1.23e-05,0,0.0474,0.107,0,0,0.00953,0.094,0,0,0.0278,0,0.0247,0,0.0651,0.0193,0,0.122,0,0,0
"Pd_Concentration (ng/m3)",13.2,14.2,13.4,12.9,13.7,16.2,12.4,13.4,17.2,13.8,11.6,14.5,14.9,14.4,13.3,15,13.9,15,15.4,15.9,16.5,15.4,16.8,14.3,14.3,17.2,17.8,15.2,12.3,15,13.4,13.7,14.1,16.6,14.4,15.6,13.6,12.8,3.31e-05,0.000364,0.196,0.362,0.448,0.587,14,0.0969,0.133,0,0.168,0.231,0.403,0.31,0.567,0.424,1.16,0.322
"Ag_Concentration (ng/m3)",0.00187,0.103,1.01e-05,0.124,0.126,0.212,0.00291,0.00332,0,0.00234,0.287,0.135,0.00425,0.00421,0.353,0.229,0.122,0.134,0.00456,0.00118,0.00305,0.00245,0.123,0.144,0.104,0.00505,0.00997,0.388,0.129,0.0893,0.105,0.0026,0.156,0.00391,0.00134,0.261,0.0033,0.154,0.111,0.00016,0.000134,0.00107,0.000883,0,0.00598,0.00126,0.00202,0.00102,0.00166,0.000908,0.000754,0.000831,0.000485,0.00152,0,0.000852
"Cd_Concentration (ng/m3)",0,0.00127,0.00321,0.00176,0.00279,0.003,0.00251,0.00122,0.00295,0.00278,0.00217,0.0015,0.00504,4760,0.0046,0.00603,0.00556,0.00245,0.0041,0.00199,0.00285,0.00193,0.00273,0.00312,0.00163,0,0.00217,0.00145,0.00564,0.00112,0.00317,0.123,0.0038,0.00253,0.00215,0.00192,0.0012,0.00395,0.000519,0.000836,0.000123,0.00182,0.00132,0,0.000718,0.00105,0.000597,1.08e-05,0.000556,0.00178,0.00119,0.000843,0.000696,0.000498,0,0.00134
"In_Concentration (ng/m3)",0.00109,0,0,0.000783,0,0,0.00108,0.00088,0.000569,0,0,7.52e-05,0,0.00041,0.00064,0.000265,0,0,0.000445,0.00296,0,0,0.000361,0.000315,0.000208,0,0,0.000495,0,0,0.000432,0.000309,0,0.000298,0,0,0,0,0.000426,0,0.000476,0.000964,0.00046,0.00332,0.00254,0.000807,0.00115,0,0.000427,0.000553,0.00101,0.00125,0.000262,0.00102,0,0.000381
"Sn_Concentration (ng/m3)",0.00134,0.0016,0.00297,0.00256,0.00224,0.00234,3.95e-05,0.00101,0.00563,0.0035,6.64e-05,0.00147,0.00213,0.00282,0.00355,0.00281,0.00285,0.0033,0.00494,0.00613,0,0.933,0.00346,0.00422,0.0051,0.00183,0.00501,0.0065,0.00291,0.0034,0.00508,0.00264,0.00179,0.0027,0.0059,0.00237,0.00568,0.00484,0.000428,0.00111,0.000542,0.0013,0.00125,0,0.000915,0.00175,0.00153,0.00231,0.00338,0.000539,0.00134,0.00295,0.00207,0.00223,0,0.00237
"Sb_Concentration (ng/m3)",0,0.00436,0.00281,0.00667,0.00639,0.0064,0.00528,0.00968,0.00491,0.00833,0.535,0.00286,0.00656,69.7,0.00552,0.00313,0,0.00615,0.00647,0.00709,0.00694,3.2,0,0,0.0028,0.00207,0.00855,0.009,0.00237,0.00599,0.424,0.00477,0.000799,0.00755,0.00494,0.00559,0.443,0.00186,0.00145,0.00416,0.00199,0.00482,0.00667,0,0.00408,0.000314,0.00384,0,0.00173,0.00152,0.0045,0.00345,0.00476,0.00379,0,0.00222
"Te_Concentration (ng/m3)",0,0.00887,1.63,0.00699,0.0125,0.00327,0,0.0131,0.00975,0.00949,0.00341,0.00381,0.00307,7.5e-05,0.00159,0.00937,0.00215,0.00245,0,0.000291,0.0131,0,0.00897,0.00146,0.00449,0.00553,0,0.00404,0.00393,0.00291,0.00601,0.0059,0.00107,0.00338,0.0123,0.0013,0.00777,0.00218,0.00103,0.00458,0.0043,0.00175,0.00751,0,0,0.00031,0.00096,0.0047,0.0047,0.00204,0.00346,0.000477,0.000683,0.00155,0,0.00656
"Ba_Concentration (ng/m3)",1.37,0.271,1.54,0.507,1.42,1.62,6.32,2.29,5.76,1.51,4.04,1.26,1.1,0.723,0.744,1.38,1.72,1.23,2.99,1.63,1.61,3.33,1.52,0.666,0.601,0.754,0.103,0.816,2.32,1.82,8.7,0.323,1.04,0.851,0.535,0.183,0.707,0.22,2.4,0.158,0.763,0.149,0.713,0.00136,0.000141,0.000282,0.0381,0.0265,0.351,1.13,3.4,0.268,1.23,0.128,0,0.139
"La_Concentration (ng/m3)",0,0.000211,0,0.000413,0,0.000112,0,0.000111,0,0.000156,0,0,6.86e-05,0,6.52e-05,0.000218,0.000124,0.000214,0.0116,9.75e-05,0.00025,0,6.25e-05,0.000121,0.0387,5.83e-05,9.53e-05,0.000237,0.000171,3.19e-05,1.97e-05,0.000319,0.00024,0,0.000121,0.000246,0.000235,0.000251,8.15e-06,8e-04,0,7.41e-05,0.000141,0,7.09e-05,6.56e-05,1.8e-05,0.000137,0,4.04e-05,0.000136,0.000148,2.41e-05,0.000335,1.33e-05,0
"Ce_Concentration (ng/m3)",0,4.84e-05,3.13e-05,0.000331,0.00018,0.00034,9.9e-05,0,0.000462,0.000331,0,7.32e-06,0.000109,0.000523,8.46e-05,0.000451,0.000114,0.000206,0.000373,0.000885,0.000493,0.00014,0.000223,0.000161,0.00027,0.000262,0.000707,0.00035,0.000187,0.000237,0.000538,3.31e-05,0.000202,0.000138,0.000324,0.000427,0.00012,0.000313,1.97e-05,1.51e-05,0.000245,0.000186,0.000199,0,2e-04,8.14e-05,0.000187,0.000421,0.000247,0.000139,0.000214,0,7.01e-05,9.82e-05,0,0.000187
"Pt_Concentration (ng/m3)",0,1.95e-05,0,0,0,0,0,0,1.27e-05,0,0,0,0,4.76e-05,0,3.13e-05,0,0,3.73e-05,5.31e-06,4.8e-05,2.9e-05,6.73e-06,0,0,0,0.000183,0,0,0,0,0.000132,9.62e-06,6.54e-05,1.13e-05,9.56e-05,0,5.9e-05,1.24e-05,0.000152,1.58e-05,6.47e-05,0,0.000406,5.47e-05,0.000116,8.7e-05,0.000163,0.000153,2.91e-05,3.45e-05,0,8.13e-05,0.000125,0,9.6e-05
"Hg_Concentration (ng/m3)",0.000257,7.89e-06,2.88e-05,5.53e-05,2.75e-05,8.19e-05,0,0,2.73e-05,0.000183,3.57e-05,7.45e-05,2.13e-05,0.000103,9.52e-05,3.53e-05,3.67e-05,0.00015,9.96e-05,7.87e-05,0.000105,2.28e-05,0.000157,0.000173,0.00023,1.92e-06,0.000288,0.000253,4.29e-05,0.000106,0.000157,0.000188,7.75e-05,8.63e-05,0.000181,0.000105,2.65e-05,0.000154,0,0,0,0,4.83e-05,0,0.00025,0,0,0,0,0,2.23e-05,0,0,5.4e-05,0,0
"Tl_Concentration (ng/m3)",0,0,0,0,0,0,0,0,0,0,0,0,0,0.137,0,0,0,0,0,0,0,0,0,0,0,0,0,0,0,0,0,0,0,0,0,8.33e-05,0,0,0,7.26e-06,0.000109,5.28e-05,2.36e-05,0,0.000414,0,2.57e-06,1.39e-05,2.33e-05,0,6.21e-05,0,0,0,0,0
"Pb_Concentration (ng/m3)",3.09,2.29,5.28,1.86,2.76,1.7,4.78,2.81,8.92,0.948,7.31,6.18,4.95,138,3.95,4.76,4.92,3.47,4.91,6.84,4.5,10.9,2.39,3.28,3.63,4.22,1.81,4.08,3.93,4.41,7.37,3.99,5.75,3.11,5.25,2.69,5.16,3.38,9.09,0.817,3.38,2.87,5.35,0.705,2.61,0.582,0.877,0.491,1.09,1.45,3.97,0.202,2.03,1.12,0.517,2.04
"Bi_Concentration (ng/m3)",0,1.14,2.75,0.0545,0.108,0.125,1.08,0,1.46,3.4e-05,0.283,0.301,0,1.94,1.01,0.323,0.755,0.0336,0.229,0.00947,0.5,0.456,0,0,0,0,0,0,0.0493,0.0243,1.03,0.00684,0.00801,0.05,0,0.00741,0,0.0124,0.348,0,0.033,0.00437,0,0,0,0,0.0198,0,0.0185,0.0915,0.602,0,0.281,0.0067,0,0
