"date (UTC+0)","NO (ppb)","NOy (ppb)","NO Scaled (ppb)","NOy Scaled (ppb)","Flag"
2025-12-01,NA,NA,NA,NA,NA
2025-12-01 01:00:00,NA,NA,NA,NA,NA
2025-12-01 02:00:00,NA,NA,NA,NA,NA
2025-12-01 03:00:00,NA,NA,NA,NA,NA
2025-12-01 04:00:00,NA,NA,NA,NA,NA
2025-12-01 05:00:00,NA,NA,NA,NA,NA
2025-12-01 06:00:00,NA,NA,NA,NA,NA
2025-12-01 07:00:00,NA,NA,NA,NA,NA
2025-12-01 08:00:00,NA,NA,NA,NA,NA
2025-12-01 09:00:00,NA,NA,NA,NA,NA
2025-12-01 10:00:00,NA,NA,NA,NA,NA
2025-12-01 11:00:00,NA,NA,NA,NA,NA
2025-12-01 12:00:00,NA,NA,NA,NA,NA
2025-12-01 13:00:00,NA,NA,NA,NA,NA
2025-12-01 14:00:00,NA,NA,NA,NA,NA
2025-12-01 15:00:00,NA,NA,NA,NA,NA
2025-12-01 16:00:00,0.94525,3.01148333333333,0.939066666666667,2.99826666666667,NA
2025-12-01 17:00:00,0.900383333333333,2.71886666666667,0.8945,2.70691666666667,NA
2025-12-01 18:00:00,0.944233333333333,3.22208333333333,0.938016666666667,3.20795,NA
2025-12-01 19:00:00,0.5573,4.12026666666667,0.553666666666667,4.10213333333333,NA
2025-12-01 20:00:00,0.6633,3.75215,0.65895,3.73563333333333,NA
2025-12-01 21:00:00,0.584883333333333,2.43408333333333,0.581,2.42338333333333,NA
2025-12-01 22:00:00,0.634583333333333,1.6828,0.63045,1.67546666666667,"E: NO-NOy Conc. Uncertainty"
2025-12-01 23:00:00,0.434483333333333,1.09321666666667,0.431666666666667,1.08843333333333,"E: NO-NOy Conc. Uncertainty"
2025-12-02,0.54365,1.23556666666667,0.5401,1.23006666666667,"E: NO-NOy Conc. Uncertainty"
2025-12-02 01:00:00,0.586016666666667,2.6729,0.582166666666667,2.66118333333333,"E: NO-NOy Conc. Uncertainty"
2025-12-02 02:00:00,0.6546,2.13917307692308,0.6503,2.12978846153846,NA
2025-12-02 03:00:00,0.807366666666667,2.48405454545455,0.802033333333333,2.47309090909091,NA
2025-12-02 04:00:00,0.989116666666667,3.75574576271186,0.982633333333333,3.7391186440678,NA
2025-12-02 05:00:00,0.92645,3.09586666666667,0.920366666666667,3.08223333333333,NA
2025-12-02 06:00:00,2.62133333333333,7.62013333333333,2.60396666666667,7.58653333333333,NA
2025-12-02 07:00:00,2.10298333333333,10.0112333333333,2.0892,9.96708333333333,NA
2025-12-02 08:00:00,2.98315,12.0362,2.96345,11.9830166666667,NA
2025-12-02 09:00:00,3.11625,11.4305,3.09561666666667,11.3800333333333,NA
2025-12-02 10:00:00,2.78805,8.76241666666667,2.76971666666667,8.72373333333333,NA
2025-12-02 11:00:00,2.95448333333333,8.6013,2.93491666666667,8.56328333333333,NA
2025-12-02 12:00:00,3.09265,9.02906666666667,3.07221666666667,8.98923333333333,NA
2025-12-02 13:00:00,1.88101666666667,6.34865,1.86863333333333,6.32063333333333,NA
2025-12-02 14:00:00,1.31731666666667,7.57503333333333,1.30856666666667,7.5416,NA
2025-12-02 15:00:00,0.825783333333333,11.8614333333333,0.820266666666667,11.80895,NA
2025-12-02 16:00:00,1.50991666666667,16.30605,1.49995,16.2339666666667,NA
2025-12-02 17:00:00,1.36826666666667,12.8899166666667,1.3592,12.8328166666667,NA
2025-12-02 18:00:00,0.475466666666667,11.4068666666667,0.47235,11.3563666666667,NA
2025-12-02 19:00:00,0.292583333333333,11.226,0.290616666666667,11.1762833333333,NA
2025-12-02 20:00:00,0.5828,9.69656666666667,0.578983333333333,9.65358333333333,NA
2025-12-02 21:00:00,1.00075,8.22796666666667,0.99415,8.19151666666667,NA
2025-12-02 22:00:00,0.65345,7.41903333333333,0.649116666666667,7.38615,NA
2025-12-02 23:00:00,0.860633333333333,7.94093333333333,0.8549,7.90573333333333,NA
2025-12-03,0.91295,7.8458,0.906966666666667,7.81098333333333,NA
2025-12-03 01:00:00,0.50125,5.14771666666667,0.497983333333333,5.12485,NA
2025-12-03 02:00:00,0.53575,3.5274,0.532183333333333,3.51178333333333,NA
2025-12-03 03:00:00,1.00125,4.76125,0.99465,4.74003333333333,NA
2025-12-03 04:00:00,0.506783333333333,3.22505,0.503466666666667,3.21071666666667,NA
2025-12-03 05:00:00,0.40425,3.59706666666667,0.40155,3.5811,NA
2025-12-03 06:00:00,1.2661,5.42013333333333,1.25766666666667,5.39606666666667,NA
2025-12-03 07:00:00,1.65461666666667,8.95945,1.64356666666667,8.91968333333333,NA
2025-12-03 08:00:00,2.23011666666667,13.0360833333333,2.21533333333333,12.97815,NA
2025-12-03 09:00:00,4.3868,17.37415,4.35761666666667,17.29685,NA
2025-12-03 10:00:00,5.29001666666667,16.7045166666667,5.2549,16.6301666666667,NA
2025-12-03 11:00:00,3.58931666666667,11.2922833333333,3.56546666666667,11.24195,NA
2025-12-03 12:00:00,3.16681666666667,10.16105,3.14583333333333,10.1157333333333,NA
2025-12-03 13:00:00,2.68793333333333,9.28505,2.66998333333333,9.24366666666667,NA
2025-12-03 14:00:00,2.26151666666667,9.71815,2.24641666666667,9.67483333333333,NA
2025-12-03 15:00:00,1.2199,9.88168333333333,1.2117,9.83753333333333,NA
2025-12-03 16:00:00,2.54125,19.18465,2.5243,19.0990833333333,NA
2025-12-03 17:00:00,4.38505,24.2879666666667,4.35583333333333,24.17955,NA
2025-12-03 18:00:00,2.47836666666667,19.93335,2.46185,19.84435,NA
2025-12-03 19:00:00,0.382233333333333,9.67006666666667,0.379816666666667,9.62693333333333,NA
2025-12-03 20:00:00,0.498133333333333,7.87395,0.494816666666667,7.83875,NA
2025-12-03 21:00:00,0.324183333333333,5.8466,0.322,5.82045,NA
2025-12-03 22:00:00,0.28295,4.35753333333333,0.281066666666667,4.33806666666667,NA
2025-12-03 23:00:00,0.323516666666667,3.10931666666667,0.321383333333333,3.09538333333333,NA
2025-12-04,0.38575,2.25758333333333,0.383133333333333,2.24751666666667,NA
2025-12-04 01:00:00,0.311783333333333,1.4008,0.309716666666667,1.39451666666667,NA
2025-12-04 02:00:00,0.308416666666667,1.2627,0.306416666666667,1.257,NA
2025-12-04 03:00:00,0.425333333333333,1.42646666666667,0.4225,1.4201,NA
2025-12-04 04:00:00,0.31005,1.11583333333333,0.307933333333333,1.11083333333333,NA
2025-12-04 05:00:00,0.368,1.2182,0.365533333333333,1.21276666666667,NA
2025-12-04 06:00:00,0.390566666666667,1.50495,0.3879,1.49816666666667,NA
2025-12-04 07:00:00,0.174516666666667,2.18025,0.1733,2.17048333333333,NA
2025-12-04 08:00:00,0.385066666666667,3.96548333333333,0.382566666666667,3.94768333333333,NA
2025-12-04 09:00:00,0.461983333333333,3.59621666666667,0.458933333333333,3.58008333333333,NA
2025-12-04 10:00:00,0.633366666666667,4.43663333333333,0.6291,4.41678333333333,NA
2025-12-04 11:00:00,1.48396666666667,8.15961666666667,1.47403333333333,8.12301666666667,NA
2025-12-04 12:00:00,0.98935,5.6162,0.98265,5.59091666666667,NA
2025-12-04 13:00:00,1.30778333333333,7.04516666666667,1.29905,7.01346666666667,NA
2025-12-04 14:00:00,0.93345,7.95016666666667,0.9272,7.91443333333333,NA
2025-12-04 15:00:00,2.04283333333333,13.1082166666667,2.02911666666667,13.04925,NA
2025-12-04 16:00:00,4.82393333333333,20.5033166666667,4.79155,20.41115,NA
2025-12-04 17:00:00,2.24893333333333,13.79105,2.23385,13.7290833333333,NA
2025-12-04 18:00:00,2.21558333333333,14.2896166666667,2.20066666666667,14.2253166666667,NA
2025-12-04 19:00:00,1.45596666666667,11.8740166666667,1.44618333333333,11.8205666666667,NA
2025-12-04 20:00:00,3.64515,16.7254,3.62066666666667,16.6501,NA
2025-12-04 21:00:00,1.0186,8.16556666666667,1.01168333333333,8.12886666666667,NA
2025-12-04 22:00:00,1.69951666666667,12.07295,1.68811666666667,12.0185166666667,NA
2025-12-04 23:00:00,0.645816666666667,6.4015,0.641483333333333,6.3727,NA
2025-12-05,0.921583333333333,5.2677,0.915366666666667,5.24396666666667,NA
2025-12-05 01:00:00,1.08308333333333,4.15096666666667,1.07573333333333,4.13228333333333,NA
2025-12-05 02:00:00,1.19291666666667,7.36868333333333,1.18488333333333,7.3354,NA
2025-12-05 03:00:00,1.79785,10.0426666666667,1.78571666666667,9.99736666666667,NA
2025-12-05 04:00:00,1.82116666666667,8.81656666666667,1.80881666666667,8.77676666666667,NA
2025-12-05 05:00:00,1.62953333333333,8.84645,1.61848333333333,8.80645,NA
2025-12-05 06:00:00,2.81411666666667,11.18765,2.79513333333333,11.1371,NA
2025-12-05 07:00:00,2.38108333333333,11.1842666666667,2.36501666666667,11.1337,NA
2025-12-05 08:00:00,2.8318,13.9435666666667,2.8127,13.8805333333333,NA
2025-12-05 09:00:00,2.925,15.7421666666667,2.90518333333333,15.6709333333333,NA
2025-12-05 10:00:00,2.33101666666667,9.93951666666667,2.31526666666667,9.89461666666667,NA
2025-12-05 11:00:00,1.4272,6.78763333333333,1.41751666666667,6.75693333333333,NA
2025-12-05 12:00:00,1.11235,5.6288,1.10485,5.60328333333333,NA
2025-12-05 13:00:00,0.885433333333333,5.19718333333333,0.879466666666667,5.1737,NA
2025-12-05 14:00:00,0.923533333333333,4.9416,0.91735,4.91921666666667,NA
2025-12-05 15:00:00,0.646533333333333,3.1819,0.642183333333333,3.1675,NA
2025-12-05 16:00:00,0.525833333333333,2.68298333333333,0.52235,2.67088333333333,NA
2025-12-05 17:00:00,0.570216666666667,1.9681,0.566383333333333,1.95921666666667,NA
2025-12-05 18:00:00,0.5021,1.55578333333333,0.4987,1.54873333333333,NA
2025-12-05 19:00:00,0.341816666666667,1.38171666666667,0.339566666666667,1.37545,NA
2025-12-05 20:00:00,0.343133333333333,1.7312,0.340866666666667,1.72336666666667,NA
2025-12-05 21:00:00,0.370416666666667,2.65436666666667,0.367966666666667,2.64226666666667,NA
2025-12-05 22:00:00,0.603766666666667,2.3357,0.599666666666667,2.32511666666667,NA
2025-12-05 23:00:00,0.5174,1.9858,0.514,1.97681666666667,NA
2025-12-06,0.553,2.05316666666667,0.54925,2.04386666666667,NA
2025-12-06 01:00:00,0.4526,1.5169,0.4495,1.50995,NA
2025-12-06 02:00:00,0.4578,0.927983333333333,0.454716666666667,0.9237,"E: NO-NOy Conc. Uncertainty"
2025-12-06 03:00:00,0.462166666666667,0.881816666666667,0.459066666666667,0.87785,"E: NO-NOy Conc. Uncertainty"
2025-12-06 04:00:00,0.51415,0.87965,0.510666666666667,0.875683333333333,"E: NO-NOy Conc. Uncertainty"
2025-12-06 05:00:00,0.685316666666667,1.28858333333333,0.680666666666667,1.28275,"E: NO-NOy Conc. Uncertainty"
2025-12-06 06:00:00,0.446516666666667,0.810583333333333,0.443466666666667,0.806983333333333,"E: NO-NOy Conc. Uncertainty"
2025-12-06 07:00:00,0.537733333333333,1.91805,0.534116666666667,1.90933333333333,NA
2025-12-06 08:00:00,0.590266666666667,2.61618333333333,0.58625,2.60425,NA
2025-12-06 09:00:00,0.665516666666667,2.98296666666667,0.66105,2.9693,NA
2025-12-06 10:00:00,0.730533333333333,3.45455,0.72555,3.4388,NA
2025-12-06 11:00:00,0.706966666666667,2.42693333333333,0.702133333333333,2.41586666666667,NA
2025-12-06 12:00:00,0.674016666666667,2.50968333333333,0.669483333333333,2.49823333333333,NA
2025-12-06 13:00:00,0.644866666666667,2.30165,0.640466666666667,2.29116666666667,NA
2025-12-06 14:00:00,0.60075,2.47121666666667,0.596616666666667,2.45993333333333,NA
2025-12-06 15:00:00,0.585366666666667,2.66683333333333,0.581366666666667,2.65468333333333,NA
2025-12-06 16:00:00,0.80595,3.90931666666667,0.80045,3.8914,NA
2025-12-06 17:00:00,0.4061,2.40875,0.403333333333333,2.39771666666667,NA
2025-12-06 18:00:00,0.716233333333333,3.53373333333333,0.711416666666667,3.51748333333333,NA
2025-12-06 19:00:00,0.54615,3.27505,0.542383333333333,3.26006666666667,NA
2025-12-06 20:00:00,0.585566666666667,2.77016666666667,0.58165,2.75746666666667,NA
2025-12-06 21:00:00,0.626166666666667,1.95845,0.621883333333333,1.94945,NA
2025-12-06 22:00:00,0.31245,1.2264,0.31025,1.22078333333333,NA
2025-12-06 23:00:00,0.241816666666667,0.546333333333333,0.240133333333333,0.543833333333333,"E: NO-NOy Conc. Uncertainty"
2025-12-07,0.2966,0.739633333333333,0.294516666666667,0.736266666666667,"E: NO-NOy Conc. Uncertainty"
2025-12-07 01:00:00,0.1754,1.10866666666667,0.174216666666667,1.10361666666667,"E: NO-NOy Conc. Uncertainty"
2025-12-07 02:00:00,0.291583333333333,2.29283333333333,0.289533333333333,2.28235,NA
2025-12-07 03:00:00,0.13215,1.7119,0.131216666666667,1.7041,NA
2025-12-07 04:00:00,0.178616666666667,1.87466666666667,0.17755,1.86611666666667,NA
2025-12-07 05:00:00,0.169616666666667,2.1772,0.168283333333333,2.1672,NA
2025-12-07 06:00:00,0.200216666666667,2.30675,0.198866666666667,2.2962,NA
2025-12-07 07:00:00,0.110366666666667,1.80378333333333,0.109416666666667,1.79553333333333,NA
2025-12-07 08:00:00,0.184066666666667,1.87331666666667,0.182833333333333,1.86468333333333,NA
2025-12-07 09:00:00,0.225966666666667,1.94001666666667,0.224416666666667,1.9311,NA
2025-12-07 10:00:00,0.317666666666667,1.99265,0.315566666666667,1.98348333333333,NA
2025-12-07 11:00:00,0.36255,1.89785,0.360083333333333,1.8891,NA
2025-12-07 12:00:00,0.475083333333333,2.89393333333333,0.47175,2.88056666666667,NA
2025-12-07 13:00:00,0.505883333333333,2.4543,0.502433333333333,2.44301666666667,NA
2025-12-07 14:00:00,0.586716666666667,2.52321666666667,0.582683333333333,2.51158333333333,NA
2025-12-07 15:00:00,0.488483333333333,2.30293333333333,0.4851,2.29235,NA
2025-12-07 16:00:00,0.420983333333333,1.38023333333333,0.418033333333333,1.37386666666667,NA
2025-12-07 17:00:00,0.369116666666667,0.869183333333333,0.366516666666667,0.865183333333333,"E: NO-NOy Conc. Uncertainty"
2025-12-07 18:00:00,0.389666666666667,1.06186666666667,0.386933333333333,1.057,NA
2025-12-07 19:00:00,0.780516666666667,3.47296666666667,0.7751,3.457,"E: NO-NOy Conc. Uncertainty"
2025-12-07 20:00:00,0.451583333333333,3.88981666666667,0.448533333333333,3.87185,NA
2025-12-07 21:00:00,0.7595,6.09671666666667,0.754233333333333,6.06863333333333,NA
2025-12-07 22:00:00,0.33535,2.33385,0.333033333333333,2.32308333333333,NA
2025-12-07 23:00:00,0.336433333333333,2.38778333333333,0.334016666666667,2.3768,NA
2025-12-08,0.334783333333333,1.46513333333333,0.33245,1.45835,NA
2025-12-08 01:00:00,0.43945,2.49263333333333,0.436366666666667,2.48105,NA
2025-12-08 02:00:00,0.3604,2.38375,0.357883333333333,2.3727,NA
2025-12-08 03:00:00,0.6115,2.01026666666667,0.60725,2.00093333333333,NA
2025-12-08 04:00:00,0.5553,1.88086666666667,0.551433333333333,1.87213333333333,NA
2025-12-08 05:00:00,0.438116666666667,1.28051666666667,0.435016666666667,1.27458333333333,NA
2025-12-08 06:00:00,1.69415,4.61023333333333,1.68248333333333,4.58895,NA
2025-12-08 07:00:00,1.0986,4.52921666666667,1.09101666666667,4.50823333333333,NA
2025-12-08 08:00:00,1.25146666666667,6.14055,1.24281666666667,6.1121,NA
2025-12-08 09:00:00,1.18331666666667,6.01826666666667,1.17515,5.99043333333333,NA
2025-12-08 10:00:00,NA,NA,NA,NA,NA
2025-12-08 11:00:00,NA,NA,NA,NA,NA
2025-12-08 12:00:00,NA,NA,NA,NA,NA
2025-12-08 13:00:00,NA,NA,NA,NA,NA
2025-12-08 14:00:00,1.39878333333333,7.75461666666667,1.38911666666667,7.7187,NA
2025-12-08 15:00:00,1.60793333333333,8.53111666666667,1.59681666666667,8.49155,NA
2025-12-08 16:00:00,1.3402,7.82631666666667,1.33088333333333,7.79001666666667,NA
2025-12-08 17:00:00,1.26986666666667,8.64466666666667,1.26105,8.60456666666667,NA
2025-12-08 18:00:00,1.2355,8.74106666666667,1.22693333333333,8.70053333333333,NA
2025-12-08 19:00:00,0.472066666666667,5.99986666666667,0.468783333333333,5.972,NA
2025-12-08 20:00:00,0.375333333333333,6.42688333333333,0.3727,6.39705,NA
2025-12-08 21:00:00,0.4951,6.4306,0.491716666666667,6.40071666666667,NA
2025-12-08 22:00:00,0.3207,3.25435,0.318483333333333,3.23926666666667,NA
2025-12-08 23:00:00,0.159166666666667,1.42226666666667,0.158116666666667,1.41561666666667,NA
2025-12-09,0.2947,0.925866666666667,0.29265,0.921616666666667,NA
2025-12-09 01:00:00,0.27375,0.648066666666667,0.271783333333333,0.645066666666667,NA
2025-12-09 02:00:00,0.337066666666667,0.406716666666667,0.334633333333333,0.404783333333333,"E: NO-NOy Conc. Uncertainty"
2025-12-09 03:00:00,0.315283333333333,0.11185,0.31305,0.111366666666667,"E: NO-NOy Conc. Uncertainty"
2025-12-09 04:00:00,0.3349,0.105733333333333,0.332566666666667,0.10525,"E: NO-NOy Conc. Uncertainty"
2025-12-09 05:00:00,0.393233333333333,0.432766666666667,0.390516666666667,0.430783333333333,"E: NO-NOy Conc. Uncertainty"
2025-12-09 06:00:00,1.21435,2.24908333333333,1.20591666666667,2.23868333333333,"E: NO-NOy Conc. Uncertainty"
2025-12-09 07:00:00,0.82765,2.01943333333333,0.8219,2.01001666666667,NA
2025-12-09 08:00:00,0.900416666666667,2.63188333333333,0.894083333333333,2.61955,NA
2025-12-09 09:00:00,0.911266666666667,2.8257,0.9049,2.81251666666667,NA
2025-12-09 10:00:00,0.8443,2.60568333333333,0.838433333333333,2.59348333333333,NA
2025-12-09 11:00:00,0.949166666666667,2.63133333333333,0.94255,2.61903333333333,NA
2025-12-09 12:00:00,0.929366666666667,2.54855,0.922916666666667,2.5367,NA
2025-12-09 13:00:00,0.92635,2.52313333333333,0.9199,2.51135,NA
2025-12-09 14:00:00,0.857633333333333,2.50778333333333,0.851683333333333,2.49598333333333,NA
2025-12-09 15:00:00,0.999733333333333,3.4379,0.992733333333333,3.42181666666667,NA
2025-12-09 16:00:00,1.03215,4.03991666666667,1.02496666666667,4.02105,NA
2025-12-09 17:00:00,0.9042,2.52045,0.89785,2.50868333333333,NA
2025-12-09 18:00:00,1.03196666666667,2.9181,1.02483333333333,2.90445,NA
2025-12-09 19:00:00,0.467683333333333,1.79825,0.46445,1.78981666666667,NA
2025-12-09 20:00:00,0.486483333333333,1.7937,0.4831,1.7853,NA
2025-12-09 21:00:00,0.3979,1.8338,0.39515,1.82526666666667,NA
2025-12-09 22:00:00,0.44755,2.45301666666667,0.44435,2.4416,NA
2025-12-09 23:00:00,0.5711,2.71463333333333,0.56705,2.70193333333333,NA
2025-12-10,0.555683333333333,2.5389,0.551783333333333,2.52701666666667,NA
2025-12-10 01:00:00,0.533183333333333,2.49116666666667,0.529483333333333,2.47948333333333,NA
2025-12-10 02:00:00,0.45395,1.74986666666667,0.4508,1.74161666666667,NA
2025-12-10 03:00:00,0.561816666666667,2.32501666666667,0.557816666666667,2.31415,NA
2025-12-10 04:00:00,0.62965,2.6985,0.625266666666667,2.68581666666667,NA
2025-12-10 05:00:00,0.502716666666667,2.4555,0.499183333333333,2.44391666666667,NA
2025-12-10 06:00:00,1.48411666666667,4.4566,1.47366666666667,4.43568333333333,NA
2025-12-10 07:00:00,1.36486666666667,6.44446666666667,1.3553,6.41421666666667,NA
2025-12-10 08:00:00,1.66273333333333,8.86403333333333,1.65111666666667,8.8224,NA
2025-12-10 09:00:00,1.32748333333333,6.00056666666667,1.31816666666667,5.97238333333333,NA
2025-12-10 10:00:00,1.43641666666667,4.4417,1.42628333333333,4.42078333333333,NA
2025-12-10 11:00:00,1.4965,3.95031666666667,1.486,3.93173333333333,NA
2025-12-10 12:00:00,1.03973333333333,2.68655,1.03248333333333,2.6739,NA
2025-12-10 13:00:00,1.27646666666667,4.13805,1.26751666666667,4.1186,NA
2025-12-10 14:00:00,1.20176666666667,4.41228333333333,1.19328333333333,4.39153333333333,NA
2025-12-10 15:00:00,0.868316666666667,5.40383333333333,0.862166666666667,5.37838333333333,NA
2025-12-10 16:00:00,0.96385,7.29293333333333,0.957033333333333,7.2587,NA
2025-12-10 17:00:00,1.46328333333333,7.21726666666667,1.45295,7.18325,NA
2025-12-10 18:00:00,1.71316666666667,8.59841666666667,1.70106666666667,8.55791666666667,NA
2025-12-10 19:00:00,0.54745,6.54885,0.543533333333333,6.51796666666667,NA
2025-12-10 20:00:00,0.5836,6.95976666666667,0.579533333333333,6.92691666666667,NA
2025-12-10 21:00:00,0.563316666666667,4.43416666666667,0.5594,4.41321666666667,NA
2025-12-10 22:00:00,0.712466666666667,4.13398333333333,0.707466666666667,4.11446666666667,NA
2025-12-10 23:00:00,0.693866666666667,3.97133333333333,0.68895,3.95263333333333,NA
2025-12-11,0.628933333333333,3.29938333333333,0.624516666666667,3.28378333333333,NA
2025-12-11 01:00:00,0.674033333333333,3.1532,0.669266666666667,3.1383,NA
2025-12-11 02:00:00,0.567116666666667,1.38895,0.56315,1.3824,NA
2025-12-11 03:00:00,0.568166666666667,3.61056666666667,0.5641,3.5935,NA
2025-12-11 04:00:00,0.72275,4.12751666666667,0.717716666666667,4.108,NA
2025-12-11 05:00:00,0.63865,3.29995,0.634166666666667,3.28436666666667,NA
2025-12-11 06:00:00,1.86513333333333,6.09558333333333,1.85195,6.06676666666667,NA
2025-12-11 07:00:00,1.49125,6.323,1.48073333333333,6.29305,NA
2025-12-11 08:00:00,1.61848333333333,6.43251666666667,1.60703333333333,6.4021,NA
2025-12-11 09:00:00,2.06893333333333,8.00531666666667,2.05431666666667,7.96735,NA
2025-12-11 10:00:00,1.94035,6.54741666666667,1.92666666666667,6.51635,NA
2025-12-11 11:00:00,1.81283333333333,5.8779,1.80005,5.85001666666667,NA
2025-12-11 12:00:00,1.74368333333333,4.80403333333333,1.73128333333333,4.78125,NA
2025-12-11 13:00:00,1.50265,4.0824,1.49196666666667,4.06306666666667,NA
2025-12-11 14:00:00,1.23846666666667,4.2547,1.22966666666667,4.23448333333333,NA
2025-12-11 15:00:00,1.32936666666667,5.9502,1.31998333333333,5.92193333333333,NA
2025-12-11 16:00:00,1.20963333333333,5.6227,1.20103333333333,5.59603333333333,NA
2025-12-11 17:00:00,0.930866666666667,5.11193333333333,0.924333333333333,5.0877,NA
2025-12-11 18:00:00,0.567816666666667,4.45678333333333,0.563766666666667,4.43558333333333,NA
2025-12-11 19:00:00,0.46615,3.52371666666667,0.462966666666667,3.50691666666667,NA
2025-12-11 20:00:00,0.354833333333333,2.65235,0.35225,2.63976666666667,NA
2025-12-11 21:00:00,0.326766666666667,2.65371666666667,0.324466666666667,2.64106666666667,NA
2025-12-11 22:00:00,0.483616666666667,2.43246666666667,0.480166666666667,2.42096666666667,NA
2025-12-11 23:00:00,0.3584,1.36936666666667,0.355833333333333,1.36276666666667,NA
2025-12-12,0.500066666666667,1.47675,0.496533333333333,1.4697,NA
2025-12-12 01:00:00,0.424233333333333,1.36505,0.421216666666667,1.35845,NA
2025-12-12 02:00:00,0.442516666666667,1.13178333333333,0.43935,1.12636666666667,NA
2025-12-12 03:00:00,0.46875,1.38665,0.465416666666667,1.38005,NA
2025-12-12 04:00:00,0.317,1.46496666666667,0.314683333333333,1.45798333333333,NA
2025-12-12 05:00:00,0.29505,1.43088333333333,0.293033333333333,1.42405,NA
2025-12-12 06:00:00,0.7771,2.7248,0.77165,2.7118,NA
2025-12-12 07:00:00,0.65685,3.14306666666667,0.652166666666667,3.12803333333333,NA
2025-12-12 08:00:00,0.78025,4.6644,0.77465,4.6421,NA
2025-12-12 09:00:00,1.69251666666667,7.25261666666667,1.68048333333333,7.21805,NA
2025-12-12 10:00:00,0.706766666666667,11.42935,0.701666666666667,11.3747666666667,NA
2025-12-12 11:00:00,0.962216666666667,10.6452,0.95535,10.5944,NA
2025-12-12 12:00:00,0.982016666666667,9.85018333333333,0.975033333333333,9.80308333333333,NA
2025-12-12 13:00:00,0.652183333333333,5.85501666666667,0.647466666666667,5.82701666666667,NA
2025-12-12 14:00:00,0.671866666666667,5.96701666666667,0.667116666666667,5.93846666666667,NA
2025-12-12 15:00:00,1.21668333333333,12.0864833333333,1.208,12.0286166666667,NA
2025-12-12 16:00:00,9.27775,25.57705,9.21148333333333,25.4546166666667,NA
2025-12-12 17:00:00,28.4314333333333,52.1863833333333,28.22825,51.9365833333333,NA
2025-12-12 18:00:00,55.03625,82.2128333333333,54.6429,81.8193,NA
2025-12-12 19:00:00,38.06675,65.33325,37.79455,65.0204,NA
2025-12-12 20:00:00,31.9158833333333,56.3395833333333,31.6876166666667,56.0697166666667,NA
2025-12-12 21:00:00,8.62451666666667,28.0009833333333,8.5628,27.8668833333333,NA
2025-12-12 22:00:00,5.85711666666667,20.5627,5.81518333333333,20.4640833333333,NA
2025-12-12 23:00:00,0.434,5.9066,0.430883333333333,5.8783,NA
2025-12-13,0.47225,6.34123333333333,0.468916666666667,6.31078333333333,NA
2025-12-13 01:00:00,0.353383333333333,5.4625,0.350883333333333,5.43631666666667,NA
2025-12-13 02:00:00,0.271666666666667,3.11143333333333,0.2697,3.0964,NA
2025-12-13 03:00:00,0.30705,2.49805,0.3049,2.48605,NA
2025-12-13 04:00:00,0.261966666666667,3.30386666666667,0.26005,3.28801666666667,NA
2025-12-13 05:00:00,0.287316666666667,4.06911666666667,0.285233333333333,4.04956666666667,NA
2025-12-13 06:00:00,0.513466666666667,5.08908333333333,0.509733333333333,5.0646,NA
2025-12-13 07:00:00,0.330516666666667,5.36831666666667,0.3281,5.3425,NA
2025-12-13 08:00:00,0.876533333333333,8.13151666666667,0.870216666666667,8.09236666666667,NA
2025-12-13 09:00:00,2.79911666666667,12.3913,2.77901666666667,12.33165,NA
2025-12-13 10:00:00,1.34453333333333,8.3506,1.33483333333333,8.31038333333333,NA
2025-12-13 11:00:00,2.12453333333333,8.31195,2.10926666666667,8.27191666666667,NA
2025-12-13 12:00:00,1.99345,7.0583,1.97915,7.02426666666667,NA
2025-12-13 13:00:00,1.68411666666667,6.34976666666667,1.67198333333333,6.31916666666667,NA
2025-12-13 14:00:00,1.1934,6.01776666666667,1.18478333333333,5.98871666666667,NA
2025-12-13 15:00:00,1.06678333333333,6.9517,1.05908333333333,6.91815,NA
2025-12-13 16:00:00,0.8711,5.79836666666667,0.864866666666667,5.77041666666667,NA
2025-12-13 17:00:00,0.693016666666667,5.1319,0.688033333333333,5.10715,NA
2025-12-13 18:00:00,0.830766666666667,6.52125,0.8248,6.48983333333333,NA
2025-12-13 19:00:00,0.881433333333333,6.3612,0.875016666666667,6.33051666666667,NA
2025-12-13 20:00:00,0.779816666666667,5.69958333333333,0.774233333333333,5.67201666666667,NA
2025-12-13 21:00:00,0.77425,5.65248333333333,0.768633333333333,5.62515,NA
2025-12-13 22:00:00,0.6697,5.116,0.66485,5.09136666666667,NA
2025-12-13 23:00:00,0.7636,4.1812,0.758116666666667,4.161,NA
2025-12-14,0.765733333333333,4.26153333333333,0.7602,4.2409,NA
2025-12-14 01:00:00,0.64285,3.53583333333333,0.638166666666667,3.51873333333333,NA
2025-12-14 02:00:00,0.607233333333333,3.54051666666667,0.60285,3.52345,NA
2025-12-14 03:00:00,0.652366666666667,3.50463333333333,0.647633333333333,3.48768333333333,NA
2025-12-14 04:00:00,0.651016666666667,2.90285,0.646316666666667,2.88875,NA
2025-12-14 05:00:00,0.666916666666667,3.12011666666667,0.662083333333333,3.105,NA
2025-12-14 06:00:00,0.703016666666667,3.27281666666667,0.697883333333333,3.25695,NA
2025-12-14 07:00:00,0.634083333333333,3.21285,0.629483333333333,3.19735,NA
2025-12-14 08:00:00,0.8165,3.39795,0.810616666666667,3.38151666666667,NA
2025-12-14 09:00:00,0.7064,3.29905,0.70125,3.2831,NA
2025-12-14 10:00:00,0.83375,3.08951666666667,0.82775,3.07455,NA
2025-12-14 11:00:00,0.801266666666667,2.6706,0.795433333333333,2.65765,NA
2025-12-14 12:00:00,0.831683333333333,2.77715,0.82565,2.76366666666667,NA
2025-12-14 13:00:00,0.8111,2.78371666666667,0.8052,2.77018333333333,NA
2025-12-14 14:00:00,0.682616666666667,2.4835,0.677683333333333,2.47143333333333,NA
2025-12-14 15:00:00,0.508016666666667,2.44891666666667,0.504266666666667,2.43706666666667,NA
2025-12-14 16:00:00,0.607816666666667,2.89036666666667,0.6034,2.87628333333333,NA
2025-12-14 17:00:00,0.492483333333333,2.33491666666667,0.488983333333333,2.32361666666667,NA
2025-12-14 18:00:00,0.497533333333333,2.31618333333333,0.493883333333333,2.30496666666667,NA
2025-12-14 19:00:00,0.578966666666667,2.85296666666667,0.574783333333333,2.83903333333333,NA
2025-12-14 20:00:00,0.570616666666667,2.65718333333333,0.5665,2.64426666666667,NA
2025-12-14 21:00:00,0.515716666666667,2.36073333333333,0.51195,2.3492,NA
2025-12-14 22:00:00,0.565866666666667,2.13493333333333,0.561783333333333,2.12453333333333,NA
2025-12-14 23:00:00,0.559916666666667,1.74748333333333,0.5559,1.73901666666667,NA
2025-12-15,0.504816666666667,1.32976666666667,0.501166666666667,1.32325,NA
2025-12-15 01:00:00,0.556116666666667,1.27448333333333,0.552066666666667,1.26833333333333,NA
2025-12-15 02:00:00,0.541616666666667,1.17985,0.537666666666667,1.17406666666667,NA
2025-12-15 03:00:00,0.558433333333333,1.09733333333333,0.554433333333333,1.09198333333333,NA
2025-12-15 04:00:00,0.427916666666667,0.78265,0.4248,0.778833333333333,"E: NO-NOy Conc. Uncertainty"
2025-12-15 05:00:00,0.525883333333333,1.22008333333333,0.522,1.21416666666667,NA
2025-12-15 06:00:00,1.42196666666667,3.51656666666667,1.41166666666667,3.4994,NA
2025-12-15 07:00:00,0.979516666666667,3.84735,0.97235,3.82855,NA
2025-12-15 08:00:00,NA,NA,NA,NA,NA
2025-12-15 09:00:00,NA,NA,NA,NA,NA
2025-12-15 10:00:00,NA,NA,NA,NA,NA
2025-12-15 11:00:00,NA,NA,NA,NA,NA
2025-12-15 12:00:00,NA,NA,NA,NA,NA
2025-12-15 13:00:00,NA,NA,NA,NA,NA
2025-12-15 14:00:00,1.01825423728814,5.23291525423729,1.01084745762712,5.20735593220339,NA
2025-12-15 15:00:00,0.8231,5.94725,0.817066666666667,5.91818333333333,NA
2025-12-15 16:00:00,0.556016666666667,4.32003333333333,0.551983333333333,4.29888333333333,NA
2025-12-15 17:00:00,0.8848,4.93071666666667,0.878333333333333,4.90658333333333,NA
2025-12-15 18:00:00,1.0938,6.0899,1.08585,6.06003333333333,NA
2025-12-15 19:00:00,0.53465,7.6556,0.530766666666667,7.6181,NA
2025-12-15 20:00:00,0.286133333333333,6.5094,0.284066666666667,6.47753333333333,NA
2025-12-15 21:00:00,0.780083333333333,11.2969,0.774383333333333,11.2414833333333,NA
2025-12-15 22:00:00,0.261033333333333,9.30398333333333,0.259183333333333,9.2584,NA
2025-12-15 23:00:00,0.224083333333333,7.82178333333333,0.222533333333333,7.78348333333333,NA
2025-12-16,0.216933333333333,8.96196666666667,0.215366666666667,8.91805,NA
2025-12-16 01:00:00,0.166866666666667,7.73683333333333,0.16575,7.6989,NA
2025-12-16 02:00:00,0.14085,4.60481666666667,0.13985,4.5822,NA
2025-12-16 03:00:00,0.169716666666667,5.87791666666667,0.16865,5.84913333333333,NA
2025-12-16 04:00:00,0.0845666666666667,3.29526666666667,0.0838,3.27911666666667,NA
2025-12-16 05:00:00,0.128,5.45281666666667,0.127,5.42601666666667,NA
2025-12-16 06:00:00,0.424983333333333,8.07438333333333,0.42195,8.03471666666667,NA
2025-12-16 07:00:00,0.347066666666667,8.79511666666667,0.34455,8.75186666666667,NA
2025-12-16 08:00:00,0.650266666666667,10.74485,0.645466666666667,10.6920166666667,NA
2025-12-16 09:00:00,0.819,10.4123333333333,0.813,10.3611166666667,NA
2025-12-16 10:00:00,2.20481666666667,16.7931833333333,2.18858333333333,16.7105833333333,NA
2025-12-16 11:00:00,4.2119,19.0463833333333,4.18096666666667,18.9526833333333,NA
2025-12-16 12:00:00,2.67196666666667,12.7149166666667,2.65226666666667,12.6523333333333,NA
2025-12-16 13:00:00,1.72128333333333,8.86811666666667,1.70861666666667,8.82441666666667,NA
2025-12-16 14:00:00,0.903533333333333,9.76371666666667,0.896866666666667,9.7156,NA
2025-12-16 15:00:00,4.44743333333333,18.2475,4.41478333333333,18.1575833333333,NA
2025-12-16 16:00:00,7.35938333333333,31.8331333333333,7.30526666666667,31.67625,NA
2025-12-16 17:00:00,7.90666666666667,34.54375,7.84853333333333,34.3734166666667,NA
2025-12-16 18:00:00,16.8131666666667,44.8236166666667,16.6893833333333,44.6026333333333,NA
2025-12-16 19:00:00,11.2861333333333,36.7297833333333,11.203,36.5486,NA
2025-12-16 20:00:00,32.8450833333333,55.7313833333333,32.6031833333333,55.4563666666667,NA
2025-12-16 21:00:00,48.9774,68.7968166666667,48.6165333333333,68.4572333333333,NA
2025-12-16 22:00:00,63.0282,81.0686333333333,62.5636,80.6684166666667,NA
2025-12-16 23:00:00,54.593,71.24625,54.1905333333333,70.8943833333333,NA
2025-12-17,15.5069166666667,28.9390666666667,15.3925333333333,28.7961166666667,NA
2025-12-17 01:00:00,4.5734,17.8044166666667,4.53965,17.7164333333333,NA
2025-12-17 02:00:00,0.554816666666667,9.50441666666667,0.550766666666667,9.4575,NA
2025-12-17 03:00:00,1.96468333333333,10.46725,1.95018333333333,10.4154833333333,NA
2025-12-17 04:00:00,3.0664,12.5718166666667,3.04375,12.5096666666667,NA
2025-12-17 05:00:00,1.7857,10.3990166666667,1.77246666666667,10.3476333333333,NA
2025-12-17 06:00:00,2.72226666666667,10.6171333333333,2.70215,10.5646,NA
2025-12-17 07:00:00,2.60286666666667,10.2042166666667,2.5836,10.1536666666667,NA
2025-12-17 08:00:00,2.32338333333333,9.63905,2.30615,9.59128333333333,NA
2025-12-17 09:00:00,2.4572,9.70416666666667,2.43905,9.6562,NA
2025-12-17 10:00:00,2.01643333333333,7.16211666666667,2.00151666666667,7.1266,NA
2025-12-17 11:00:00,2.46518333333333,7.68965,2.44688333333333,7.65155,NA
2025-12-17 12:00:00,1.94498333333333,6.24925,1.93063333333333,6.21826666666667,NA
2025-12-17 13:00:00,1.79573333333333,5.9805,1.78248333333333,5.95081666666667,NA
2025-12-17 14:00:00,1.62765,5.45815,1.61558333333333,5.43111666666667,NA
2025-12-17 15:00:00,1.45986666666667,5.29915,1.44903333333333,5.27285,NA
2025-12-17 16:00:00,1.44006666666667,4.23401666666667,1.42936666666667,4.21295,NA
2025-12-17 17:00:00,1.17992156862745,3.6788431372549,1.1711568627451,3.66064705882353,NA
2025-12-17 18:00:00,1.03475,3.09706666666667,1.02711666666667,3.08166666666667,NA
2025-12-17 19:00:00,0.711666666666667,2.02553333333333,0.706316666666667,2.01548333333333,NA
2025-12-17 20:00:00,0.694233333333333,1.77568333333333,0.689083333333333,1.76686666666667,NA
2025-12-17 21:00:00,0.543933333333333,1.16758333333333,0.539916666666667,1.16173333333333,NA
2025-12-17 22:00:00,0.659833333333333,1.24885,0.654933333333333,1.24263333333333,NA
2025-12-17 23:00:00,0.783816666666667,2.0221,0.778033333333333,2.01206666666667,NA
2025-12-18,0.829616666666667,2.38676666666667,0.823483333333333,2.37491666666667,NA
2025-12-18 01:00:00,0.636533333333333,2.40738333333333,0.631783333333333,2.39533333333333,NA
2025-12-18 02:00:00,0.460916666666667,0.677183333333333,0.4575,0.673783333333333,"E: NO-NOy Conc. Uncertainty"
2025-12-18 03:00:00,0.407183333333333,0.864183333333333,0.404166666666667,0.859866666666667,"E: NO-NOy Conc. Uncertainty"
2025-12-18 04:00:00,0.501733333333333,2.32078333333333,0.498,2.3093,NA
2025-12-18 05:00:00,0.6612,3.61516666666667,0.6563,3.59715,NA
2025-12-18 06:00:00,0.666183333333333,3.05603333333333,0.6612,3.04081666666667,NA
2025-12-18 07:00:00,0.49065,3.2661,0.486983333333333,3.24988333333333,NA
2025-12-18 08:00:00,0.714816666666667,6.98535,0.709516666666667,6.95046666666667,NA
2025-12-18 09:00:00,0.500433333333333,5.75681666666667,0.496683333333333,5.72815,NA
2025-12-18 10:00:00,0.803283333333333,7.41816666666667,0.797316666666667,7.38111666666667,NA
2025-12-18 11:00:00,0.364566666666667,5.04773333333333,0.361833333333333,5.02261666666667,NA
2025-12-18 12:00:00,0.354616666666667,4.86385,0.351883333333333,4.8396,NA
2025-12-18 13:00:00,1.20933333333333,10.28385,1.2003,10.2323833333333,NA
2025-12-18 14:00:00,3.66368333333333,18.9761166666667,3.63633333333333,18.8813,NA
2025-12-18 15:00:00,3.89095,23.61045,3.86181666666667,23.4924666666667,NA
2025-12-18 16:00:00,3.38016666666667,22.6608,3.35491666666667,22.54745,NA
2025-12-18 17:00:00,2.69531666666667,22.4121333333333,2.67518333333333,22.3000166666667,NA
2025-12-18 18:00:00,1.05706666666667,15.6435666666667,1.04916666666667,15.5653333333333,NA
2025-12-18 19:00:00,0.572816666666667,5.83478333333333,0.568583333333333,5.80558333333333,NA
2025-12-18 20:00:00,0.679383333333333,5.85765,0.67425,5.82833333333333,NA
2025-12-18 21:00:00,0.66675,3.53148333333333,0.661733333333333,3.5138,NA
2025-12-18 22:00:00,0.305316666666667,1.62743333333333,0.302916666666667,1.6193,NA
2025-12-18 23:00:00,0.394866666666667,1.69678333333333,0.392033333333333,1.68826666666667,NA
2025-12-19,0.2916,1.69741666666667,0.289466666666667,1.68895,NA
2025-12-19 01:00:00,0.59405,1.53386666666667,0.5896,1.52618333333333,NA
2025-12-19 02:00:00,0.76845,2.58145,0.7627,2.56841666666667,NA
2025-12-19 03:00:00,0.222766666666667,1.11791666666667,0.221033333333333,1.11235,NA
2025-12-19 04:00:00,0.62545,2.88965,0.620716666666667,2.87508333333333,NA
2025-12-19 05:00:00,0.642866666666667,3.90655,0.638033333333333,3.88696666666667,NA
2025-12-19 06:00:00,1.0401,5.2216,1.03225,5.19541666666667,NA
2025-12-19 07:00:00,1.9947,9.68895,1.97973333333333,9.64028333333333,NA
2025-12-19 08:00:00,2.09385,10.9104833333333,2.07815,10.85565,NA
2025-12-19 09:00:00,1.93105,9.19338333333333,1.91663333333333,9.14718333333333,NA
2025-12-19 10:00:00,2.40755,8.48381666666667,2.38943333333333,8.44116666666667,NA
2025-12-19 11:00:00,2.42071666666667,8.0025,2.40253333333333,7.96225,NA
2025-12-19 12:00:00,2.39911666666667,7.35411666666667,2.38113333333333,7.31716666666667,NA
2025-12-19 13:00:00,2.08085,7.5767,2.0652,7.53853333333333,NA
2025-12-19 14:00:00,1.263,4.79353191489362,1.25346808510638,4.76940425531915,NA
2025-12-19 15:00:00,1.0319,7.70105,1.02413333333333,7.6623,NA
2025-12-19 16:00:00,1.49701666666667,9.47446666666667,1.48571666666667,9.42686666666667,NA
2025-12-19 17:00:00,1.22076666666667,10.2599,1.21165,10.2081666666667,NA
2025-12-19 18:00:00,1.83763333333333,13.1519833333333,1.82383333333333,13.0856666666667,NA
2025-12-19 19:00:00,1.31771666666667,11.7549,1.30776666666667,11.6956833333333,NA
2025-12-19 20:00:00,1.0739,9.34661666666667,1.06583333333333,9.2995,NA
2025-12-19 21:00:00,1.32236666666667,9.27206666666667,1.31238333333333,9.22528333333333,NA
2025-12-19 22:00:00,1.80293333333333,12.1160666666667,1.78931666666667,12.0548666666667,NA
2025-12-19 23:00:00,1.2759,9.11281666666667,1.2663,9.06683333333333,NA
2025-12-20,1.06135,6.42273333333333,1.05338333333333,6.3903,NA
2025-12-20 01:00:00,0.7879,4.8953,0.78195,4.87053333333333,NA
2025-12-20 02:00:00,0.4423,3.76008333333333,0.43895,3.74105,NA
2025-12-20 03:00:00,0.55125,3.37928333333333,0.547116666666667,3.3622,NA
2025-12-20 04:00:00,0.33865,3.84161666666667,0.3361,3.82221666666667,NA
2025-12-20 05:00:00,0.3854,3.00726666666667,0.382533333333333,2.992,NA
2025-12-20 06:00:00,0.344066666666667,2.3216,0.341466666666667,2.30983333333333,NA
2025-12-20 07:00:00,0.291083333333333,2.81656666666667,0.288833333333333,2.80238333333333,NA
2025-12-20 08:00:00,0.358066666666667,3.04836666666667,0.3554,3.03301666666667,NA
2025-12-20 09:00:00,0.614766666666667,3.36816666666667,0.6102,3.35111666666667,NA
2025-12-20 10:00:00,0.59325,3.28843333333333,0.588866666666667,3.27171666666667,NA
2025-12-20 11:00:00,0.793416666666667,3.15583333333333,0.787466666666667,3.13986666666667,NA
2025-12-20 12:00:00,0.689283333333333,3.14018333333333,0.684066666666667,3.12421666666667,NA
2025-12-20 13:00:00,0.764366666666667,3.23001666666667,0.75865,3.21363333333333,NA
2025-12-20 14:00:00,0.656783333333333,4.58325,0.651833333333333,4.56001666666667,NA
2025-12-20 15:00:00,0.5202,6.64993333333333,0.516283333333333,6.61616666666667,NA
2025-12-20 16:00:00,0.175266666666667,7.13531666666667,0.173866666666667,7.09906666666667,NA
2025-12-20 17:00:00,0.263433333333333,9.47171666666667,0.26145,9.42365,NA
2025-12-20 18:00:00,0.220583333333333,10.6426666666667,0.218783333333333,10.5887,NA
2025-12-20 19:00:00,0.242066666666667,9.87623333333333,0.24025,9.82605,NA
2025-12-20 20:00:00,0.174616666666667,7.80131666666667,0.173233333333333,7.7617,NA
2025-12-20 21:00:00,0.2422,7.57556666666667,0.240333333333333,7.53711666666667,NA
2025-12-20 22:00:00,0.0988166666666667,6.91438333333333,0.0980166666666667,6.8793,NA
2025-12-20 23:00:00,0.213133333333333,6.45603333333333,0.2116,6.42321666666667,NA
2025-12-21,0.103566666666667,3.62591666666667,0.102766666666667,3.60743333333333,NA
2025-12-21 01:00:00,0.1457,3.70336666666667,0.1446,3.68451666666667,NA
2025-12-21 02:00:00,0.179866666666667,3.2714,0.178433333333333,3.25468333333333,NA
2025-12-21 03:00:00,0.0763666666666667,3.48308333333333,0.07575,3.46526666666667,NA
2025-12-21 04:00:00,0.14455,3.82508333333333,0.143533333333333,3.80561666666667,NA
2025-12-21 05:00:00,0.200466666666667,3.43676666666667,0.1988,3.41923333333333,NA
2025-12-21 06:00:00,0.269783333333333,3.35716666666667,0.2678,3.34008333333333,NA
2025-12-21 07:00:00,0.13115,3.55623333333333,0.13005,3.538,NA
2025-12-21 08:00:00,0.2525,6.41643333333333,0.250433333333333,6.38365,NA
2025-12-21 09:00:00,0.834283333333333,10.23605,0.827883333333333,10.18385,NA
2025-12-21 10:00:00,1.5981,10.4373666666667,1.58595,10.3841666666667,NA
2025-12-21 11:00:00,1.41083333333333,9.09373333333333,1.40006666666667,9.04736666666667,NA
2025-12-21 12:00:00,0.745516666666667,7.03026666666667,0.739783333333333,6.99431666666667,NA
2025-12-21 13:00:00,0.9309,9.31691666666667,0.923766666666667,9.26928333333333,NA
2025-12-21 14:00:00,0.991733333333333,10.9507166666667,0.9842,10.8948166666667,NA
2025-12-21 15:00:00,0.444,10.2728833333333,0.440633333333333,10.22045,NA
2025-12-21 16:00:00,0.21185,8.52198333333333,0.2104,8.47848333333333,NA
2025-12-21 17:00:00,0.262183333333333,7.07155,0.260183333333333,7.0354,NA
2025-12-21 18:00:00,0.172016666666667,6.57198333333333,0.170666666666667,6.53845,NA
2025-12-21 19:00:00,0.183333333333333,6.3173,0.181966666666667,6.285,NA
2025-12-21 20:00:00,0.203583333333333,6.87683333333333,0.20215,6.84166666666667,NA
2025-12-21 21:00:00,0.25635,7.57461666666667,0.25445,7.53583333333333,NA
2025-12-21 22:00:00,0.313916666666667,8.09405,0.311516666666667,8.05271666666667,NA
2025-12-21 23:00:00,0.215983333333333,7.61341666666667,0.2143,7.57446666666667,NA
2025-12-22,0.204233333333333,8.21686666666667,0.20265,8.1747,NA
2025-12-22 01:00:00,0.195166666666667,6.96583333333333,0.193683333333333,6.9302,NA
2025-12-22 02:00:00,0.163583333333333,6.8187,0.16245,6.78383333333333,NA
2025-12-22 03:00:00,0.206216666666667,7.29381666666667,0.204666666666667,7.25655,NA
2025-12-22 04:00:00,0.21355,7.14671666666667,0.211866666666667,7.1101,NA
2025-12-22 05:00:00,0.45365,8.33966666666667,0.450116666666667,8.29696666666667,NA
2025-12-22 06:00:00,1.12301666666667,11.7356166666667,1.11443333333333,11.67545,NA
2025-12-22 07:00:00,1.63013333333333,14.0106833333333,1.61761666666667,13.9387833333333,NA
2025-12-22 08:00:00,1.8763,16.0583166666667,1.86193333333333,15.9759,NA
2025-12-22 09:00:00,3.90228333333333,17.9297833333333,3.87236666666667,17.8377833333333,NA
2025-12-22 10:00:00,4.15321666666667,18.15625,4.12145,18.0630333333333,NA
2025-12-22 11:00:00,3.83003333333333,17.9412666666667,3.80068333333333,17.8491,NA
2025-12-22 12:00:00,5.01233333333333,20.9282166666667,4.97385,20.8206166666667,NA
2025-12-22 13:00:00,5.17168333333333,22.0776833333333,5.13203333333333,21.9642,NA
2025-12-22 14:00:00,3.5813,21.1857,3.5538,21.0768166666667,NA
2025-12-22 15:00:00,4.29538333333333,23.9572333333333,4.26245,23.8340333333333,NA
2025-12-22 16:00:00,1.8579,19.24215,1.84365,19.1431833333333,NA
2025-12-22 17:00:00,0.566533333333333,12.7487666666667,0.56215,12.6831666666667,NA
2025-12-22 18:00:00,0.925666666666667,16.05875,0.918583333333333,15.9761166666667,NA
2025-12-22 19:00:00,0.858533333333333,14.8323333333333,0.85195,14.7559833333333,NA
2025-12-22 20:00:00,1.08968333333333,15.80425,1.08133333333333,15.7229,NA
2025-12-22 21:00:00,1.40583333333333,16.9855,1.39505,16.8980666666667,NA
2025-12-22 22:00:00,0.942383333333333,16.1184,0.935033333333333,16.0353833333333,NA
2025-12-22 23:00:00,0.902933333333333,16.2403333333333,0.895966666666667,16.1565666666667,NA
2025-12-23,0.864666666666667,16.4133333333333,0.858016666666667,16.3287333333333,NA
2025-12-23 01:00:00,0.3855,14.48075,0.3825,14.4061,NA
2025-12-23 02:00:00,0.31785,12.5761,0.31535,12.5112333333333,NA
2025-12-23 03:00:00,0.20955,12.6882,0.207833333333333,12.6227166666667,NA
2025-12-23 04:00:00,0.252783333333333,12.6405833333333,0.2508,12.5753,NA
2025-12-23 05:00:00,0.207816666666667,6.92038333333333,0.2062,6.8847,NA
2025-12-23 06:00:00,0.144716666666667,4.52771666666667,0.143583333333333,4.50438333333333,NA
2025-12-23 07:00:00,0.251883333333333,5.2625,0.249966666666667,5.23528333333333,NA
2025-12-23 08:00:00,0.226883333333333,4.73563333333333,0.225283333333333,4.71113333333333,NA
2025-12-23 09:00:00,0.397883333333333,6.80018333333333,0.394766666666667,6.76503333333333,NA
2025-12-23 10:00:00,0.47855,5.83063333333333,0.474866666666667,5.8005,NA
2025-12-23 11:00:00,0.46495,6.00593333333333,0.461366666666667,5.97488333333333,NA
2025-12-23 12:00:00,0.755716666666667,7.14131666666667,0.7499,7.10436666666667,NA
2025-12-23 13:00:00,1.32338333333333,7.9834,1.31316666666667,7.94205,NA
2025-12-23 14:00:00,0.49304347826087,7.74123913043478,0.489065217391304,7.70113043478261,NA
2025-12-23 15:00:00,0.292333333333333,6.01021666666667,0.290033333333333,5.97911666666667,NA
2025-12-23 16:00:00,0.259383333333333,5.53193333333333,0.2573,5.50325,NA
2025-12-23 17:00:00,0.197933333333333,4.45815,0.196266666666667,4.43508333333333,NA
2025-12-23 18:00:00,0.145766666666667,4.40486666666667,0.144533333333333,4.38203333333333,NA
2025-12-23 19:00:00,0.18275,3.99551666666667,0.181433333333333,3.97483333333333,NA
2025-12-23 20:00:00,0.115683333333333,3.35346666666667,0.114733333333333,3.33611666666667,NA
2025-12-23 21:00:00,0.118283333333333,2.61391666666667,0.11725,2.60028333333333,NA
2025-12-23 22:00:00,0.111016666666667,2.60671666666667,0.1102,2.59318333333333,NA
2025-12-23 23:00:00,0.0583666666666667,1.81893333333333,0.058,1.80953333333333,NA
2025-12-24,0.126,1.51705,0.124933333333333,1.5092,NA
2025-12-24 01:00:00,0.0983666666666667,1.44816666666667,0.09765,1.44066666666667,NA
2025-12-24 02:00:00,0.1483,0.825066666666667,0.147183333333333,0.82075,NA
2025-12-24 03:00:00,0.0590666666666667,1.09591666666667,0.0586333333333333,1.09021666666667,NA
2025-12-24 04:00:00,0.127316666666667,1.4799,0.126383333333333,1.47215,NA
2025-12-24 05:00:00,0.0669166666666667,1.9491,0.0663166666666667,1.93895,NA
2025-12-24 06:00:00,0.125133333333333,2.1696,0.12405,2.15831666666667,NA
2025-12-24 07:00:00,0.11435,1.93276666666667,0.11325,1.92263333333333,NA
2025-12-24 08:00:00,0.104833333333333,2.16055,0.104033333333333,2.1493,NA
2025-12-24 09:00:00,0.2788,2.30921666666667,0.2766,2.29716666666667,NA
2025-12-24 10:00:00,0.494966666666667,2.99355,0.491216666666667,2.97798333333333,NA
2025-12-24 11:00:00,0.345,1.92805,0.342383333333333,1.91798333333333,NA
2025-12-24 12:00:00,0.460833333333333,1.85181666666667,0.45725,1.8422,NA
2025-12-24 13:00:00,0.44055,1.90655,0.437116666666667,1.89663333333333,NA
2025-12-24 14:00:00,0.397316666666667,2.45296666666667,0.394283333333333,2.4402,NA
2025-12-24 15:00:00,0.223333333333333,2.46076666666667,0.221516666666667,2.44795,NA
2025-12-24 16:00:00,0.131866666666667,2.63461666666667,0.130766666666667,2.62086666666667,NA
2025-12-24 17:00:00,0.126666666666667,3.97011666666667,0.125633333333333,3.9494,NA
2025-12-24 18:00:00,0.169883333333333,5.58133333333333,0.168516666666667,5.5522,NA
2025-12-24 19:00:00,0.122616666666667,4.18056666666667,0.121583333333333,4.15876666666667,NA
2025-12-24 20:00:00,0.0906833333333333,3.48663333333333,0.09,3.46845,NA
2025-12-24 21:00:00,0.172816666666667,2.55353333333333,0.171433333333333,2.54026666666667,NA
2025-12-24 22:00:00,0.11795,2.20123333333333,0.117,2.1897,NA
2025-12-24 23:00:00,0.0992333333333333,1.04115,0.09855,1.03566666666667,NA
2025-12-25,0.1003,0.491266666666667,0.0994,0.488733333333333,NA
2025-12-25 01:00:00,0.0927666666666667,0.25375,0.09215,0.25245,NA
2025-12-25 02:00:00,0.0764333333333333,0.200783333333333,0.07595,0.199683333333333,"E: NO-NOy Conc. Uncertainty"
2025-12-25 03:00:00,0.105666666666667,0.061,0.10485,0.0607166666666667,"E: NO-NOy Conc. Uncertainty"
2025-12-25 04:00:00,0.09795,0.0104,0.0973,0.0103166666666667,"E: NO-NOy Conc. Uncertainty"
2025-12-25 05:00:00,0.07955,-0.0197166666666667,0.07905,-0.0196166666666667,"E: NO-NOy Conc. Uncertainty"
2025-12-25 06:00:00,0.0728333333333333,0.11745,0.07235,0.1168,"E: NO-NOy Conc. Uncertainty"
2025-12-25 07:00:00,0.0971666666666667,0.614566666666667,0.0963666666666667,0.611283333333333,NA
2025-12-25 08:00:00,0.1484,0.607816666666667,0.147116666666667,0.60475,NA
2025-12-25 09:00:00,0.230866666666667,0.936916666666667,0.229166666666667,0.93195,NA
2025-12-25 10:00:00,0.298183333333333,1.19345,0.2959,1.18705,NA
2025-12-25 11:00:00,0.375433333333333,1.01385,0.37255,1.00853333333333,NA
2025-12-25 12:00:00,0.34805,1.01746666666667,0.3454,1.0121,NA
2025-12-25 13:00:00,0.3546,1.02301666666667,0.351816666666667,1.01761666666667,NA
2025-12-25 14:00:00,0.261183333333333,1.14211666666667,0.25915,1.1361,NA
2025-12-25 15:00:00,0.201833333333333,1.53876666666667,0.20005,1.5308,NA
2025-12-25 16:00:00,0.0534666666666667,1.7321,0.0531166666666667,1.723,NA
2025-12-25 17:00:00,0.1242,2.6273,0.123283333333333,2.6135,NA
2025-12-25 18:00:00,0.0697666666666667,2.6528,0.0693,2.6388,NA
2025-12-25 19:00:00,0.131233333333333,2.26033333333333,0.13025,2.24841666666667,NA
2025-12-25 20:00:00,0.0892,2.42578333333333,0.0882666666666667,2.41316666666667,NA
2025-12-25 21:00:00,0.119733333333333,2.65125,0.118883333333333,2.63736666666667,NA
2025-12-25 22:00:00,0.10565,2.52001666666667,0.104983333333333,2.50683333333333,NA
2025-12-25 23:00:00,0.115083333333333,2.80703333333333,0.114133333333333,2.79235,NA
2025-12-26,0.0956333333333333,2.935,0.0948333333333333,2.91955,NA
2025-12-26 01:00:00,0.117816666666667,3.03828333333333,0.116916666666667,3.0223,NA
2025-12-26 02:00:00,0.110183333333333,2.27873333333333,0.109233333333333,2.26668333333333,NA
2025-12-26 03:00:00,0.0819333333333333,1.85031666666667,0.0813666666666667,1.84053333333333,NA
2025-12-26 04:00:00,0.111033333333333,1.58905,0.11025,1.58068333333333,NA
2025-12-26 05:00:00,0.113666666666667,1.77043333333333,0.112733333333333,1.76106666666667,NA
2025-12-26 06:00:00,0.105633333333333,2.43358333333333,0.104733333333333,2.4207,NA
2025-12-26 07:00:00,0.0932666666666667,2.59463333333333,0.0923666666666667,2.58098333333333,NA
2025-12-26 08:00:00,0.134933333333333,2.46053333333333,0.1339,2.44751666666667,NA
2025-12-26 09:00:00,0.389816666666667,3.25893333333333,0.386666666666667,3.24165,NA
2025-12-26 10:00:00,0.843566666666667,4.15751666666667,0.836833333333333,4.13553333333333,NA
2025-12-26 11:00:00,1.01273333333333,4.31925,1.00476666666667,4.29646666666667,NA
2025-12-26 12:00:00,0.831516666666667,3.74771666666667,0.824966666666667,3.72795,NA
2025-12-26 13:00:00,0.561533333333333,2.69516666666667,0.557116666666667,2.68088333333333,NA
2025-12-26 14:00:00,0.379816666666667,2.91535,0.376866666666667,2.90001666666667,NA
2025-12-26 15:00:00,0.34275,4.93245,0.340016666666667,4.90633333333333,NA
2025-12-26 16:00:00,0.13765,5.8458,0.13665,5.81488333333333,NA
2025-12-26 17:00:00,0.1369,5.8846,0.13575,5.85346666666667,NA
2025-12-26 18:00:00,0.163916666666667,6.27263333333333,0.1626,6.23941666666667,NA
2025-12-26 19:00:00,0.110883333333333,4.87153333333333,0.109866666666667,4.84575,NA
2025-12-26 20:00:00,0.1556,5.22476666666667,0.154366666666667,5.19705,NA
2025-12-26 21:00:00,0.138783333333333,5.42228333333333,0.137716666666667,5.39353333333333,NA
2025-12-26 22:00:00,0.1533,6.19603333333333,0.152033333333333,6.16333333333333,NA
2025-12-26 23:00:00,0.119683333333333,6.0447,0.118883333333333,6.01275,NA
2025-12-27,0.122033333333333,5.30195,0.121033333333333,5.27386666666667,NA
2025-12-27 01:00:00,0.0807,4.04798333333333,0.0801333333333333,4.02656666666667,NA
2025-12-27 02:00:00,0.130766666666667,3.49496666666667,0.129733333333333,3.4765,NA
2025-12-27 03:00:00,0.116616666666667,4.82585,0.115616666666667,4.80025,NA
2025-12-27 04:00:00,0.13345,3.4468,0.132283333333333,3.42851666666667,NA
2025-12-27 05:00:00,0.112666666666667,3.74858333333333,0.11175,3.72866666666667,NA
2025-12-27 06:00:00,0.164466666666667,3.8901,0.163033333333333,3.86946666666667,NA
2025-12-27 07:00:00,0.154733333333333,2.94933333333333,0.153566666666667,2.9337,NA
2025-12-27 08:00:00,0.15375,2.67808333333333,0.1525,2.66381666666667,NA
2025-12-27 09:00:00,0.348133333333333,3.65851666666667,0.345466666666667,3.63901666666667,NA
2025-12-27 10:00:00,0.467333333333333,3.53476666666667,0.463533333333333,3.51598333333333,NA
2025-12-27 11:00:00,0.350616666666667,2.53301666666667,0.347866666666667,2.51953333333333,NA
2025-12-27 12:00:00,0.414416666666667,2.80688333333333,0.4112,2.79198333333333,NA
2025-12-27 13:00:00,0.401733333333333,3.9214,0.39865,3.90056666666667,NA
2025-12-27 14:00:00,0.299683333333333,3.50713333333333,0.297333333333333,3.48851666666667,NA
2025-12-27 15:00:00,0.21375,3.7615,0.21195,3.74145,NA
2025-12-27 16:00:00,0.0876666666666667,3.67603333333333,0.0869333333333333,3.65645,NA
2025-12-27 17:00:00,0.140566666666667,3.7674,0.139433333333333,3.74733333333333,NA
2025-12-27 18:00:00,0.111166666666667,2.7764,0.1102,2.76163333333333,NA
2025-12-27 19:00:00,0.0892333333333333,1.86578333333333,0.0882333333333333,1.85593333333333,NA
2025-12-27 20:00:00,0.135333333333333,2.08885,0.13415,2.07775,NA
2025-12-27 21:00:00,0.0521333333333333,2.2737,0.0518333333333333,2.26161666666667,NA
2025-12-27 22:00:00,0.125166666666667,1.57235,0.12405,1.56398333333333,NA
2025-12-27 23:00:00,0.0992,1.6402,0.0984166666666667,1.6315,NA
2025-12-28,0.0810333333333333,1.26146666666667,0.0801666666666667,1.25468333333333,NA
2025-12-28 01:00:00,0.126183333333333,0.63685,0.125183333333333,0.6335,NA
2025-12-28 02:00:00,0.0695666666666667,0.256683333333333,0.0689333333333333,0.255316666666667,"E: NO-NOy Conc. Uncertainty"
2025-12-28 03:00:00,0.1,0.28745,0.09925,0.2859,"E: NO-NOy Conc. Uncertainty"
2025-12-28 04:00:00,0.0614333333333333,-0.0958,0.06105,-0.0952833333333333,"E: NO-NOy Conc. Uncertainty"
2025-12-28 05:00:00,0.1273,-0.139883333333333,0.126283333333333,-0.139166666666667,"E: NO-NOy Conc. Uncertainty"
2025-12-28 06:00:00,0.0615333333333333,0.0485666666666667,0.0610833333333333,0.04835,"E: NO-NOy Conc. Uncertainty"
2025-12-28 07:00:00,0.129433333333333,0.32115,0.128416666666667,0.3194,"E: NO-NOy Conc. Uncertainty"
2025-12-28 08:00:00,0.07095,0.228433333333333,0.07025,0.227216666666667,"E: NO-NOy Conc. Uncertainty"
2025-12-28 09:00:00,0.1279,0.555366666666667,0.126883333333333,0.552333333333333,NA
2025-12-28 10:00:00,0.15595,0.61405,0.154666666666667,0.610766666666667,"E: NO-NOy Conc. Uncertainty"
2025-12-28 11:00:00,0.181166666666667,0.829533333333333,0.179816666666667,0.825033333333333,NA
2025-12-28 12:00:00,0.21,1.30083333333333,0.2083,1.29386666666667,NA
2025-12-28 13:00:00,0.14855,1.15185,0.14735,1.14565,NA
2025-12-28 14:00:00,0.207166666666667,1.59226666666667,0.205416666666667,1.58373333333333,NA
2025-12-28 15:00:00,0.09465,1.59135,0.0938166666666667,1.58276666666667,NA
2025-12-28 16:00:00,0.11725,2.51475,0.116383333333333,2.50131666666667,NA
2025-12-28 17:00:00,0.062,2.01241666666667,0.0615833333333333,2.00163333333333,NA
2025-12-28 18:00:00,0.109466666666667,2.10985,0.108583333333333,2.09851666666667,NA
2025-12-28 19:00:00,0.128183333333333,1.95343333333333,0.127016666666667,1.94295,NA
2025-12-28 20:00:00,0.0684333333333333,1.27516666666667,0.06795,1.26828333333333,NA
2025-12-28 21:00:00,0.136216666666667,1.43646666666667,0.135083333333333,1.42871666666667,NA
2025-12-28 22:00:00,0.05995,0.68505,0.0596166666666667,0.68135,NA
2025-12-28 23:00:00,0.126366666666667,1.76243333333333,0.125416666666667,1.7529,NA
2025-12-29,0.134483333333333,1.12576666666667,0.133366666666667,1.1197,NA
2025-12-29 01:00:00,0.0647333333333333,0.758033333333333,0.0643666666666667,0.75395,"E: NO-NOy Conc. Uncertainty"
2025-12-29 02:00:00,0.1131,-0.0871833333333333,0.11225,-0.0867333333333333,"E: NO-NOy Conc. Uncertainty"
2025-12-29 03:00:00,0.0808666666666667,-0.199966666666667,0.0801666666666667,-0.198983333333333,"E: NO-NOy Conc. Uncertainty"
2025-12-29 04:00:00,0.0735,0.00705,0.07295,0.00705,"E: NO-NOy Conc. Uncertainty"
2025-12-29 05:00:00,0.109466666666667,0.446216666666667,0.108633333333333,0.443833333333333,"E: NO-NOy Conc. Uncertainty"
2025-12-29 06:00:00,0.0747666666666667,0.865883333333333,0.07425,0.8613,"E: NO-NOy Conc. Uncertainty"
2025-12-29 07:00:00,0.103166666666667,1.36233333333333,0.10235,1.35498333333333,"E: NO-NOy Conc. Uncertainty"
2025-12-29 08:00:00,0.165183333333333,1.06083333333333,0.16385,1.05518333333333,NA
2025-12-29 09:00:00,0.105316666666667,0.929716666666667,0.104316666666667,0.924716666666667,NA
2025-12-29 10:00:00,0.188816666666667,1.52323333333333,0.18735,1.51508333333333,NA
2025-12-29 11:00:00,0.182316666666667,1.33535,0.180966666666667,1.3282,NA
2025-12-29 12:00:00,0.2254,1.53681666666667,0.22355,1.52856666666667,NA
2025-12-29 13:00:00,0.26385,2.72651666666667,0.261783333333333,2.71178333333333,NA
2025-12-29 14:00:00,NA,NA,NA,NA,NA
2025-12-29 15:00:00,0.303372881355932,5.53920338983051,0.300881355932203,5.50937288135593,NA
2025-12-29 16:00:00,0.20895,5.34586666666667,0.2072,5.317,NA
2025-12-29 17:00:00,0.128516666666667,4.97601666666667,0.127483333333333,4.94913333333333,NA
2025-12-29 18:00:00,0.123433333333333,6.82253333333333,0.122433333333333,6.78571666666667,NA
2025-12-29 19:00:00,0.411983333333333,11.9305666666667,0.408616666666667,11.8661333333333,NA
2025-12-29 20:00:00,0.25025,9.16936666666667,0.248183333333333,9.1199,NA
2025-12-29 21:00:00,0.35705,9.59763333333333,0.354066666666667,9.54575,NA
2025-12-29 22:00:00,0.183366666666667,8.32245,0.181766666666667,8.27738333333333,NA
2025-12-29 23:00:00,0.18905,7.25313333333333,0.1877,7.21391666666667,NA
2025-12-30,0.1453,6.28185,0.14415,6.24795,NA
2025-12-30 01:00:00,0.117633333333333,4.25728333333333,0.116633333333333,4.23425,NA
2025-12-30 02:00:00,0.1286,4.3176,0.12755,4.29426666666667,NA
2025-12-30 03:00:00,0.1102,2.9316,0.1092,2.91573333333333,NA
2025-12-30 04:00:00,0.0787166666666667,3.44426666666667,0.0781,3.42565,NA
2025-12-30 05:00:00,0.125116666666667,3.97506666666667,0.124116666666667,3.95355,NA
2025-12-30 06:00:00,0.136166666666667,6.42555,0.13515,6.3908,NA
2025-12-30 07:00:00,0.310516666666667,8.58433333333333,0.307966666666667,8.53781666666667,NA
2025-12-30 08:00:00,0.92305,12.1330666666667,0.915583333333333,12.0673333333333,NA
2025-12-30 09:00:00,0.809633333333333,9.6802,0.803066666666667,9.62775,NA
2025-12-30 10:00:00,0.99065,9.51216666666667,0.982683333333333,9.46058333333333,NA
2025-12-30 11:00:00,1.33845,10.74175,1.32761666666667,10.6835166666667,NA
2025-12-30 12:00:00,1.07168333333333,9.54555,1.06301666666667,9.49378333333333,NA
2025-12-30 13:00:00,0.8703,8.76665,0.86325,8.71906666666667,NA
2025-12-30 14:00:00,0.656833333333333,7.84606666666667,0.651533333333333,7.80353333333333,NA
2025-12-30 15:00:00,0.325033333333333,7.30896666666667,0.322533333333333,7.26925,NA
2025-12-30 16:00:00,0.258166666666667,9.83858333333333,0.25615,9.78516666666667,NA
2025-12-30 17:00:00,0.371366666666667,11.41805,0.368283333333333,11.35605,NA
2025-12-30 18:00:00,0.2458,12.65515,0.2438,12.5864,NA
2025-12-30 19:00:00,0.34045,12.0633333333333,0.337733333333333,11.99775,NA
2025-12-30 20:00:00,0.47605,11.4038666666667,0.472166666666667,11.3418333333333,NA
2025-12-30 21:00:00,0.680616666666667,12.8390333333333,0.675016666666667,12.7691666666667,NA
2025-12-30 22:00:00,2.90443333333333,15.3188666666667,2.88083333333333,15.2355,NA
2025-12-30 23:00:00,3.79018333333333,17.5064,3.75936666666667,17.41115,NA
2025-12-31,0.1944,10.1379666666667,0.1928,10.0827833333333,NA
2025-12-31 01:00:00,0.23,9.3253,0.228183333333333,9.27451666666667,NA
2025-12-31 02:00:00,0.256883333333333,9.24743333333333,0.2547,9.19706666666667,NA
2025-12-31 03:00:00,0.268266666666667,10.3321833333333,0.266166666666667,10.2759,NA
2025-12-31 04:00:00,0.2074,8.32361666666667,0.2057,8.2782,NA
2025-12-31 05:00:00,0.157116666666667,6.61183333333333,0.156016666666667,6.57581666666667,NA
2025-12-31 06:00:00,0.9427,9.67833333333333,0.934916666666667,9.62556666666667,NA
2025-12-31 07:00:00,35.3355,54.4246166666667,35.0478,54.12785,NA
2025-12-31 08:00:00,6.95675,24.3377166666667,6.90015,24.2049666666667,NA
2025-12-31 09:00:00,2.34468333333333,13.8959666666667,2.32556666666667,13.8201666666667,NA
2025-12-31 10:00:00,1.80388333333333,9.80158333333333,1.78915,9.74808333333333,NA
2025-12-31 11:00:00,2.56951666666667,11.291,2.54861666666667,11.2293666666667,NA
2025-12-31 12:00:00,2.44265,11.5442666666667,2.4228,11.4812166666667,NA
2025-12-31 13:00:00,1.39263333333333,6.74601666666667,1.38128333333333,6.70915,NA
2025-12-31 14:00:00,0.717433333333333,4.70426666666667,0.7116,4.67856666666667,NA
2025-12-31 15:00:00,0.508266666666667,5.80598333333333,0.5041,5.77428333333333,NA
2025-12-31 16:00:00,2.44418333333333,15.35715,2.42421666666667,15.2732166666667,NA
2025-12-31 17:00:00,3.36698333333333,20.9806833333333,3.33955,20.8659166666667,NA
2025-12-31 18:00:00,1.28506666666667,13.5222166666667,1.27446666666667,13.4482166666667,NA
2025-12-31 19:00:00,1.96853333333333,15.0177833333333,1.9525,14.93555,NA
2025-12-31 20:00:00,0.570583333333333,8.81301666666667,0.5659,8.76476666666667,NA
2025-12-31 21:00:00,0.6351,6.87088333333333,0.629966666666667,6.83326666666667,NA
2025-12-31 22:00:00,0.329583333333333,3.28595,0.326933333333333,3.26796666666667,NA
2025-12-31 23:00:00,0.1803,2.86076666666667,0.1789,2.8451,NA
