"Date_UTC","NO","NOy","NO2","O3","qc_flag_NO","qc_flag_NOy","qc_flag_NO2","qc_flag_O3"
2020-03-01,NA,NA,1.67316666666667,29.662075,"2b","2b","1b","1b"
2020-03-01 01:00:00,NA,NA,1.23216666666667,28.3766590909091,"2b","2b","1b","1b"
2020-03-01 02:00:00,0.188116666666667,0.40531666666666,1.09075,28.2613333333333,"1b","1b","1b","1b"
2020-03-01 03:00:00,0.179133333333333,0.43126666666666,1.14491666666667,28.2642,"1b","1b","1b","1b"
2020-03-01 04:00:00,0.198766666666667,0.44291666666666,1.15865,28.3547666666667,"1b","1b","1b","1b"
2020-03-01 05:00:00,0.178633333333333,0.59273333333333,1.46041666666667,28.23795,"1b","1b","1b","1b"
2020-03-01 06:00:00,0.187733333333333,0.73688333333333,1.6663,28.6248166666667,"1b","1b","1b","1b"
2020-03-01 07:00:00,0.21515,0.923766666666663,2.03708333333333,28.1331333333333,"1b","1b","1b","1b"
2020-03-01 08:00:00,0.301633333333333,0.934049999999997,1.89245,28.2710166666667,"1b","1b","1b","1b"
2020-03-01 09:00:00,0.387283333333333,1.09708333333333,2.1302,28.56545,"1b","1b","1b","1b"
2020-03-01 10:00:00,0.571466666666667,1.74345,3.09848333333333,28.4546,"1b","1b","1b","1b"
2020-03-01 11:00:00,0.371,1.20695,2.30833333333333,30.01025,"1b","1b","1b","1b"
2020-03-01 12:00:00,0.370833333333333,1.02265,1.99863333333333,30.42575,"1b","1b","1b","1b"
2020-03-01 13:00:00,0.709,2.65385,4.90853333333333,28.1385,"1b","1b","1b","1b"
2020-03-01 14:00:00,0.5043,2.11985,3.58546666666667,29.2340666666667,"1b","1b","1b","1b"
2020-03-01 15:00:00,0.466883333333333,1.82368333333333,3.24271666666667,29.7325166666667,"1b","1b","1b","1b"
2020-03-01 16:00:00,0.4269,2.49705,4.60445,28.11715,"1b","1b","1b","1b"
2020-03-01 17:00:00,0.402,3.36821666666666,6.17351666666667,26.4020166666667,"1b","1b","1b","1b"
2020-03-01 18:00:00,0.268733333333333,2.83393333333333,5.61658333333333,27.6201833333333,"1b","1b","1b","1b"
2020-03-01 19:00:00,0.267833333333333,5.0329,9.35241666666667,24.9932833333333,"1b","1b","1b","1b"
2020-03-01 20:00:00,0.263783333333333,4.7113,8.48155,25.1431333333333,"1b","1b","1b","1b"
2020-03-01 21:00:00,0.188233333333333,5.47315,10.4235666666667,20.9695166666667,"1b","1b","1b","1b"
2020-03-01 22:00:00,0.386316666666667,5.79501666666666,10.2322666666667,19.0898,"1b","1b","1b","1b"
2020-03-01 23:00:00,0.1969,5.19151666666666,9.54798333333333,18.06805,"1b","1b","1b","1b"
2020-03-02,NA,NA,10.8219,16.760975,"2b","2b","1b","1b"
2020-03-02 01:00:00,NA,NA,9.12679166666667,13.8219772727273,"2b","2b","1b","1b"
2020-03-02 02:00:00,0.146716666666667,3.99541666666666,7.25561666666667,12.75075,"1b","1b","1b","1b"
2020-03-02 03:00:00,0.26595,4.26753333333333,7.76761666666667,11.6674,"1b","1b","1b","1b"
2020-03-02 04:00:00,0.263716666666667,4.86076666666666,8.9914,7.17145,"1b","1b","1b","1b"
2020-03-02 05:00:00,0.3276,5.39881666666666,9.99555,5.90531666666667,"1b","1b","1b","1b"
2020-03-02 06:00:00,2.58965,11.46405,17.57135,6.33586666666667,"1b","1b","1b","1b"
2020-03-02 07:00:00,19.7891333333333,37.1018833333333,31.0136,3.06928333333333,"1b","1b","1b","1b"
2020-03-02 08:00:00,8.58005,22.48225,24.1068833333333,9.97356666666667,"1b","1b","1b","1b"
2020-03-02 09:00:00,2.51735,9.68148333333333,13.3200166666667,19.0826333333333,"1b","1b","1b","1b"
2020-03-02 10:00:00,1.23396666666667,4.52285,6.50876666666667,24.7710333333333,"1b","1b","1b","1b"
2020-03-02 11:00:00,0.766666666666667,2.75346666666666,4.32238333333333,27.85645,"1b","1b","1b","1b"
2020-03-02 12:00:00,0.797683333333333,2.82435,4.6172,28.5265,"1b","1b","1b","1b"
2020-03-02 13:00:00,0.7713,2.70911666666666,4.15036666666667,29.0555833333333,"1b","1b","1b","1b"
2020-03-02 14:00:00,0.735266666666667,2.6848,4.31835,28.6631833333333,"1b","1b","1b","1b"
2020-03-02 15:00:00,0.756766666666667,3.21941666666666,5.30978333333333,27.3529833333333,"1b","1b","1b","1b"
2020-03-02 16:00:00,0.679516666666667,3.63118333333333,6.40085,26.8112833333333,"1b","1b","1b","1b"
2020-03-02 17:00:00,0.704016666666667,5.28625,9.15343333333333,24.3024666666667,"1b","1b","1b","1b"
2020-03-02 18:00:00,0.910666666666667,8.60121666666666,14.8983166666667,20.3592666666667,"1b","1b","1b","1b"
2020-03-02 19:00:00,0.581366666666667,7.28255,12.7796666666667,21.9611166666667,"1b","1b","1b","1b"
2020-03-02 20:00:00,0.3585,5.82681666666666,10.2964166666667,22.78365,"1b","1b","1b","1b"
2020-03-02 21:00:00,0.682966666666667,6.0705,10.37505,22.3460166666667,"1b","1b","1b","1b"
2020-03-02 22:00:00,0.464383333333333,5.45786666666666,9.53281666666667,22.4619666666667,"1b","1b","1b","1b"
2020-03-02 23:00:00,0.25075,2.07738333333333,3.57613333333333,26.0478666666667,"1b","1b","1b","1b"
2020-03-03,NA,NA,3.26396666666667,25.800525,"2b","2b","1b","1b"
2020-03-03 01:00:00,NA,NA,3.56745833333333,23.90725,"2b","2b","1b","1b"
2020-03-03 02:00:00,0.638183333333333,2.10286666666666,3.32041666666667,25.0369491525424,"1b","1b","1b","1b"
2020-03-03 03:00:00,0.554933333333333,2.10683333333333,3.5964,24.3048666666667,"1b","1b","1b","1b"
2020-03-03 04:00:00,0.67955,2.4872,3.90078333333333,24.4122203389831,"1b","1b","1b","1b"
2020-03-03 05:00:00,0.685783333333333,2.93111666666666,4.92985,23.8938333333333,"1b","1b","1b","1b"
2020-03-03 06:00:00,1.44761666666667,7.04806666666666,11.8703666666667,18.6557166666667,"1b","1b","1b","1b"
2020-03-03 07:00:00,1.53971666666667,11.4403666666667,18.8442,13.9651,"1b","1b","1b","1b"
2020-03-03 08:00:00,2.23346666666667,12.7491,19.7802833333333,14.0822333333333,"1b","1b","1b","1b"
2020-03-03 09:00:00,2.08993333333333,8.8534,13.0257333333333,18.1961166666667,"1b","1b","1b","1b"
2020-03-03 10:00:00,1.3875,5.55886666666666,8.86598333333333,20.0221666666667,"1b","1b","1b","1b"
2020-03-03 11:00:00,1.09021666666667,5.05228333333333,8.09733333333333,20.09875,"1b","1b","1b","1b"
2020-03-03 12:00:00,1.05971666666667,4.79558333333333,7.856,21.9893333333333,"1b","1b","1b","1b"
2020-03-03 13:00:00,0.707083333333333,3.38641666666666,5.65393333333333,24.0231355932203,"1b","1b","1b","1b"
2020-03-03 14:00:00,0.562866666666667,3.00411666666666,5.25743333333333,25.49165,"1b","1b","1b","1b"
2020-03-03 15:00:00,0.707383333333333,3.56325,6.01573333333333,24.7784333333333,"1b","1b","1b","1b"
2020-03-03 16:00:00,0.6591,4.78558333333333,8.40063333333333,23.8615333333333,"1b","1b","1b","1b"
2020-03-03 17:00:00,0.322783333333333,4.39846666666666,8.20456666666667,24.2608,"1b","1b","1b","1b"
2020-03-03 18:00:00,0.55365,7.88511666666666,14.4663166666667,19.4489333333333,"1b","1b","1b","1b"
2020-03-03 19:00:00,0.697083333333333,8.32558333333333,14.1911,19.3322833333333,"1b","1b","1b","1b"
2020-03-03 20:00:00,0.76575,8.79305,15.2857333333333,18.0973166666667,"1b","1b","1b","1b"
2020-03-03 21:00:00,0.80135,8.51208333333333,13.9819333333333,18.0808166666667,"1b","1b","1b","1b"
2020-03-03 22:00:00,1.01316666666667,10.76955,18.3429,14.54495,"1b","1b","1b","1b"
2020-03-03 23:00:00,1.85253333333333,9.40076666666666,13.0199,15.9344333333333,"1b","1b","1b","1b"
2020-03-04,NA,NA,5.69553333333333,21.19375,"2b","2b","1b","1b"
2020-03-04 01:00:00,NA,NA,5.79575,19.6465,"2b","2b","1b","1b"
2020-03-04 02:00:00,0.238883333333333,4.324,8.23798333333333,16.33485,"1b","1b","1b","1b"
2020-03-04 03:00:00,0.433083333333333,5.04896666666666,8.61283333333333,16.3636166666667,"1b","1b","1b","1b"
2020-03-04 04:00:00,0.24065,3.98513333333333,7.25033333333333,16.6220166666667,"1b","1b","1b","1b"
2020-03-04 05:00:00,0.282316666666667,4.71465,8.6344,15.3105666666667,"1b","1b","1b","1b"
2020-03-04 06:00:00,0.780216666666667,9.30655,16.22745,11.0098,"1b","1b","1b","1b"
2020-03-04 07:00:00,4.91611666666667,19.47735,25.8574166666667,6.00553333333333,"1b","1b","1b","1b"
2020-03-04 08:00:00,5.16373333333333,18.2321166666666,23.5873833333333,8.93521666666667,"1b","1b","1b","1b"
2020-03-04 09:00:00,2.39066666666667,11.02695,15.28935,16.4813898305085,"1b","1b","1b","1b"
2020-03-04 10:00:00,1.52061666666667,7.49278333333333,10.8124333333333,20.4418666666667,"1b","1b","1b","1b"
2020-03-04 11:00:00,0.623733333333333,4.73243333333333,7.68866666666667,22.8938833333333,"1b","1b","1b","1b"
2020-03-04 12:00:00,0.548183333333333,3.67288333333333,5.83548333333333,25.8426666666667,"1b","1b","1b","1b"
2020-03-04 13:00:00,0.33375,3.09718333333333,5.80625,25.7321666666667,"1b","1b","1b","1b"
2020-03-04 14:00:00,0.322416666666667,4.46586666666666,8.37473333333333,23.4224166666667,"1b","1b","1b","1b"
2020-03-04 15:00:00,0.490766666666667,5.36685,9.68611666666667,24.7068166666667,"1b","1b","1b","1b"
2020-03-04 16:00:00,0.62815,7.18936666666666,12.7112166666667,22.7833333333333,"1b","1b","1b","1b"
2020-03-04 17:00:00,0.35535,8.5312,16.0512666666667,20.8022333333333,"1b","1b","1b","1b"
2020-03-04 18:00:00,0.251433333333333,11.3531833333333,21.2359166666667,16.66085,"1b","1b","1b","1b"
2020-03-04 19:00:00,0.217466666666667,10.7656333333333,19.9203166666667,16.99905,"1b","1b","1b","1b"
2020-03-04 20:00:00,0.274733333333333,11.1274333333333,20.0903833333333,15.7275166666667,"1b","1b","1b","1b"
2020-03-04 21:00:00,0.203816666666667,9.40698333333333,16.5774833333333,17.3581,"1b","1b","1b","1b"
2020-03-04 22:00:00,0.178,8.32018333333333,14.6482166666667,18.4737833333333,"1b","1b","1b","1b"
2020-03-04 23:00:00,0.16975,8.66418333333333,15.73145,17.3144,"1b","1b","1b","1b"
2020-03-05,NA,NA,18.8424666666667,14.867175,"2b","2b","1b","1b"
2020-03-05 01:00:00,NA,NA,12.2379166666667,17.2652272727273,"2b","2b","1b","1b"
2020-03-05 02:00:00,0.139666666666667,7.60708333333333,13.00595,16.9184,"1b","1b","1b","1b"
2020-03-05 03:00:00,0.105,6.00541666666666,9.82623333333333,18.61785,"1b","1b","1b","1b"
2020-03-05 04:00:00,0.130233333333333,6.04325,10.1525666666667,18.1536333333333,"1b","1b","1b","1b"
2020-03-05 05:00:00,0.216616666666667,7.11456666666666,11.6809333333333,17.0207166666667,"1b","1b","1b","1b"
2020-03-05 06:00:00,0.245,6.74998333333333,11.2373333333333,18.7307666666667,"1b","1b","1b","1b"
2020-03-05 07:00:00,0.718666666666667,9.42108333333333,15.7429833333333,17.38315,"1b","1b","1b","1b"
2020-03-05 08:00:00,1.89458333333333,13.2633,20.64165,14.4329,"1b","1b","1b","1b"
2020-03-05 09:00:00,2.83351666666667,14.9133833333333,21.3212166666667,13.30825,"1b","1b","1b","1b"
2020-03-05 10:00:00,3.31471666666667,16.1326833333333,22.55585,12.3975333333333,"1b","1b","1b","1b"
2020-03-05 11:00:00,3.01188333333333,14.0233,19.2088833333333,16.2211833333333,"1b","1b","1b","1b"
2020-03-05 12:00:00,2.71203333333333,12.1425666666666,16.6548333333333,19.4185833333333,"1b","1b","1b","1b"
2020-03-05 13:00:00,2.70571666666667,12.78855,17.7057,18.5772666666667,"1b","1b","1b","1b"
2020-03-05 14:00:00,2.29631666666667,11.9458,17.1736333333333,19.0228,"1b","1b","1b","1b"
2020-03-05 15:00:00,2.19675,13.0671666666666,19.4367,18.37385,"1b","1b","1b","1b"
2020-03-05 16:00:00,1.93405,13.39755,20.5565666666667,18.6139333333333,"1b","1b","1b","1b"
2020-03-05 17:00:00,1.35481666666667,12.32735,19.9427166666667,19.68785,"1b","1b","1b","1b"
2020-03-05 18:00:00,0.744483333333333,12.5057666666666,20.7954333333333,17.5764333333333,"1b","1b","1b","1b"
2020-03-05 19:00:00,0.5759,12.5702,21.8982,16.3302666666667,"1b","1b","1b","1b"
2020-03-05 20:00:00,0.992533333333333,13.6241666666666,22.7529333333333,16.1057833333333,"1b","1b","1b","1b"
2020-03-05 21:00:00,0.7646,14.67805,24.1912,12.10015,"1b","1b","1b","1b"
2020-03-05 22:00:00,4.48156666666667,20.2362666666666,25.7748333333333,10.8741333333333,"1b","1b","1b","1b"
2020-03-05 23:00:00,3.0313,21.4177166666666,33.8429,4.45841666666667,"1b","1b","1b","1b"
2020-03-06,NA,NA,30.2359,7.58555,"2b","2b","1b","1b"
2020-03-06 01:00:00,NA,NA,28.1303333333333,6.83277272727273,"2b","2b","1b","1b"
2020-03-06 02:00:00,2.3873,16.8210666666666,27.4309333333333,2.3296,"1b","1b","1b","1b"
2020-03-06 03:00:00,3.95013333333333,18.5474,25.9476,2.4481,"1b","1b","1b","1b"
2020-03-06 04:00:00,3.8948,17.4504166666666,24.0270333333333,1.3674,"1b","1b","1b","1b"
2020-03-06 05:00:00,4.36111666666667,16.0931333333333,21.6021166666667,NA,"1b","1b","1b","5b"
2020-03-06 06:00:00,8.00921666666667,21.7858333333333,24.2000666666667,0.563315789473684,"1b","1b","1b","1b"
2020-03-06 07:00:00,53.7425,73.8291666666666,30.7701333333333,0.905866666666667,"1b","1b","1b","1b"
2020-03-06 08:00:00,49.6236333333333,70.9535166666666,33.5477166666667,1.89443333333333,"1b","1b","1b","1b"
2020-03-06 09:00:00,8.7231,23.2079,24.4907666666667,14.9364,"1b","1b","1b","1b"
2020-03-06 10:00:00,3.01548333333333,12.1547833333333,15.45205,20.3164833333333,"1b","1b","1b","1b"
2020-03-06 11:00:00,1.7938,8.48355,9.71575,23.91555,"1b","1b","1b","1b"
2020-03-06 12:00:00,1.56971666666667,8.60026666666666,9.71985,25.18955,"1b","1b","1b","1b"
2020-03-06 13:00:00,0.987916666666667,6.77551666666666,7.89165,27.0587833333333,"1b","1b","1b","1b"
2020-03-06 14:00:00,0.868666666666667,5.81238333333333,6.07545,30.5215333333333,"1b","1b","1b","1b"
2020-03-06 15:00:00,0.598116666666667,5.23205,6.65055,30.34645,"1b","1b","1b","1b"
2020-03-06 16:00:00,0.509883333333333,6.31503333333333,8.77851666666667,27.2650666666667,"1b","1b","1b","1b"
2020-03-06 17:00:00,1.56895,12.7435666666666,17.8142833333333,19.3677166666667,"1b","1b","1b","1b"
2020-03-06 18:00:00,28.6530666666667,49.18685,32.8764666666667,9.26153333333333,"1b","1b","1b","1b"
2020-03-06 19:00:00,8.83405,27.1873166666666,30.8667,9.05593333333333,"1b","1b","1b","1b"
2020-03-06 20:00:00,0.575983333333333,10.0531,15.49735,17.8528166666667,"1b","1b","1b","1b"
2020-03-06 21:00:00,0.375116666666667,7.47701666666666,12.8412833333333,18.5438666666667,"1b","1b","1b","1b"
2020-03-06 22:00:00,0.676483333333333,8.80728333333333,13.7035333333333,16.4717166666667,"1b","1b","1b","1b"
2020-03-06 23:00:00,0.1936,4.7253,7.82295,20.3099666666667,"1b","1b","1b","1b"
2020-03-07,NA,NA,8.26683333333333,19.236075,"2b","2b","1b","1b"
2020-03-07 01:00:00,NA,NA,5.43258333333333,21.0575227272727,"2b","2b","1b","1b"
2020-03-07 02:00:00,0.228216666666667,3.45471666666666,5.76658333333333,20.8504833333333,"1b","1b","1b","1b"
2020-03-07 03:00:00,0.20615,3.06986666666666,4.99235,20.7353,"1b","1b","1b","1b"
2020-03-07 04:00:00,0.201783333333333,2.74661666666666,4.89295,19.9809166666667,"1b","1b","1b","1b"
2020-03-07 05:00:00,0.543833333333333,4.42645,6.96995,18.6253166666667,"1b","1b","1b","1b"
2020-03-07 06:00:00,0.4137,4.90903333333333,8.23125,18.05335,"1b","1b","1b","1b"
2020-03-07 07:00:00,0.5843,5.63723333333333,8.66258333333333,16.86175,"1b","1b","1b","1b"
2020-03-07 08:00:00,0.5671,5.23843333333333,8.33415,17.6854833333333,"1b","1b","1b","1b"
2020-03-07 09:00:00,0.862966666666667,5.2334,7.90655,19.2700833333333,"1b","1b","1b","1b"
2020-03-07 10:00:00,0.814433333333333,4.2861,6.59795,20.3904666666667,"1b","1b","1b","1b"
2020-03-07 11:00:00,1.0662,4.62133333333333,7.00636666666667,22.0442833333333,"1b","1b","1b","1b"
2020-03-07 12:00:00,0.938333333333333,4.56343333333333,7.09651666666667,23.14785,"1b","1b","1b","1b"
2020-03-07 13:00:00,0.793616666666667,4.22195,6.73433333333333,23.92805,"1b","1b","1b","1b"
2020-03-07 14:00:00,0.744383333333333,3.94595,6.0256,24.1630333333333,"1b","1b","1b","1b"
2020-03-07 15:00:00,0.50025,3.99426666666666,6.74271666666667,25.0910333333333,"1b","1b","1b","1b"
2020-03-07 16:00:00,0.33435,3.08643333333333,5.26315,28.0027666666667,"1b","1b","1b","1b"
2020-03-07 17:00:00,0.2392,2.8028,4.99455,29.3869,"1b","1b","1b","1b"
2020-03-07 18:00:00,0.231533333333333,2.8446,4.97255,29.0044,"1b","1b","1b","1b"
2020-03-07 19:00:00,0.227933333333333,2.74956666666666,4.82973333333333,29.3485333333333,"1b","1b","1b","1b"
2020-03-07 20:00:00,0.203966666666667,2.3422,4.06293333333333,27.6562333333333,"1b","1b","1b","1b"
2020-03-07 21:00:00,0.27095,2.1825,3.5829,28.5272833333333,"1b","1b","1b","1b"
2020-03-07 22:00:00,0.23315,1.87006666666666,3.1633,29.1390333333333,"1b","1b","1b","1b"
2020-03-07 23:00:00,0.226616666666667,1.62993333333333,2.76545,29.3146833333333,"1b","1b","1b","1b"
2020-03-08,NA,NA,2.70176666666667,29.00645,"2b","2b","1b","1b"
2020-03-08 01:00:00,NA,NA,2.79525,28.7718181818182,"2b","2b","1b","1b"
2020-03-08 02:00:00,0.214333333333333,1.49178333333333,2.75008333333333,28.7926333333333,"1b","1b","1b","1b"
2020-03-08 03:00:00,0.174566666666667,1.2908,2.4896,29.2551,"1b","1b","1b","1b"
2020-03-08 04:00:00,0.1627,0.603116666666663,1.25591666666667,32.2354166666667,"1b","1b","1b","1b"
2020-03-08 05:00:00,0.1614,0.554266666666663,1.30095,32.1692333333333,"1b","1b","1b","1b"
2020-03-08 06:00:00,0.138416666666667,0.662549999999997,1.486,32.2076333333333,"1b","1b","1b","1b"
2020-03-08 07:00:00,0.18875,1.0159,2.1579,30.6350666666667,"1b","1b","1b","1b"
2020-03-08 08:00:00,0.245666666666667,1.08345,2.12316666666667,29.3427833333333,"1b","1b","1b","1b"
2020-03-08 09:00:00,0.3524,1.24026666666666,2.26193333333333,28.9655833333333,"1b","1b","1b","1b"
2020-03-08 10:00:00,0.366416666666667,1.257,2.34228333333333,29.7712833333333,"1b","1b","1b","1b"
2020-03-08 11:00:00,0.404716666666667,1.44888333333333,2.58583333333333,29.8738833333333,"1b","1b","1b","1b"
2020-03-08 12:00:00,0.4645,1.73175,3.14676666666667,29.1280666666667,"1b","1b","1b","1b"
2020-03-08 13:00:00,0.494933333333333,1.42921666666666,2.43268333333333,29.4940833333333,"1b","1b","1b","1b"
2020-03-08 14:00:00,0.5119,1.80441666666666,3.05516666666667,28.58555,"1b","1b","1b","1b"
2020-03-08 15:00:00,0.423933333333333,1.48788333333333,2.55253333333333,28.9359833333333,"1b","1b","1b","1b"
2020-03-08 16:00:00,0.329283333333333,1.57166666666666,2.9327,28.3907333333333,"1b","1b","1b","1b"
2020-03-08 17:00:00,0.488566666666667,2.7898,4.86211666666667,26.67715,"1b","1b","1b","1b"
2020-03-08 18:00:00,0.2922,2.52343333333333,4.71778333333333,26.8839833333333,"1b","1b","1b","1b"
2020-03-08 19:00:00,0.272433333333333,3.43003333333333,6.74288333333333,25.1675333333333,"1b","1b","1b","1b"
2020-03-08 20:00:00,0.257083333333333,3.45611666666666,6.28731666666667,24.9953333333333,"1b","1b","1b","1b"
2020-03-08 21:00:00,0.33,3.3472,6.26021666666667,23.6073,"1b","1b","1b","1b"
2020-03-08 22:00:00,0.220733333333333,2.73788333333333,5.29878333333333,24.1554,"1b","1b","1b","1b"
2020-03-08 23:00:00,0.13105,1.23471666666666,2.50836666666667,25.5404333333333,"1b","1b","1b","1b"
2020-03-09,NA,NA,3.667,24.88335,"2b","2b","1b","1b"
2020-03-09 01:00:00,NA,NA,2.12645833333333,25.0534772727273,"2b","2b","1b","1b"
2020-03-09 02:00:00,0.265616666666667,1.80175,3.59798333333333,24.6281,"1b","1b","1b","1b"
2020-03-09 03:00:00,0.289833333333333,1.54765,3.02718333333333,25.0065333333333,"1b","1b","1b","1b"
2020-03-09 04:00:00,0.276566666666667,1.46653333333333,2.8011,24.6808333333333,"1b","1b","1b","1b"
2020-03-09 05:00:00,0.275283333333333,1.40226666666666,2.8211,25.01385,"1b","1b","1b","1b"
2020-03-09 06:00:00,0.677883333333333,3.443,6.47045,22.4424833333333,"1b","1b","1b","1b"
2020-03-09 07:00:00,1.09546666666667,5.34831666666666,8.79868333333333,20.8950166666667,"1b","1b","1b","1b"
2020-03-09 08:00:00,1.24053333333333,4.9735,7.76685,22.1802333333333,"1b","1b","1b","1b"
2020-03-09 09:00:00,0.78015,3.33915,5.84666666666667,23.7797,"1b","1b","1b","1b"
2020-03-09 10:00:00,0.76485,3.06283333333333,5.09558333333333,24.7338666666667,"1b","1b","1b","1b"
2020-03-09 11:00:00,0.75055,3.31588333333333,5.71891666666667,24.6954666666667,"1b","1b","1b","1b"
2020-03-09 12:00:00,0.837733333333333,3.86295,6.5246,24.651,"1b","1b","1b","1b"
2020-03-09 13:00:00,0.786366666666667,3.2955,5.41203333333333,25.9561666666667,"1b","1b","1b","1b"
2020-03-09 14:00:00,0.660416666666667,4.20018333333333,7.79325,26.5355333333333,"1b","1b","1b","1b"
2020-03-09 15:00:00,0.876233333333333,6.52618333333333,11.29445,21.96845,"1b","1b","1b","1b"
2020-03-09 16:00:00,0.80635,5.23423333333333,8.59436666666667,23.8017333333333,"1b","1b","1b","1b"
2020-03-09 17:00:00,0.67285,4.26996666666666,7.49246666666667,24.7178833333333,"1b","1b","1b","1b"
2020-03-09 18:00:00,0.6243,4.23091666666666,7.38343333333333,23.3628833333333,"1b","1b","1b","1b"
2020-03-09 19:00:00,0.300933333333333,3.45043333333333,6.63256666666667,22.99385,"1b","1b","1b","1b"
2020-03-09 20:00:00,0.255883333333333,2.97096666666666,5.66673333333333,23.4643666666667,"1b","1b","1b","1b"
2020-03-09 21:00:00,0.331083333333333,2.88783333333333,5.6391,23.5244333333333,"1b","1b","1b","1b"
2020-03-09 22:00:00,0.246033333333333,2.32578333333333,4.4807,24.2425666666667,"1b","1b","1b","1b"
2020-03-09 23:00:00,0.17135,1.33315,2.88683333333333,24.80295,"1b","1b","1b","1b"
2020-03-10,0.136483333333333,0.609416666666663,1.95063333333333,24.827875,"1b","1b","1b","1b"
2020-03-10 01:00:00,0.107266666666667,0.64813333333333,1.59429166666667,23.9097727272727,"1b","1b","1b","1b"
2020-03-10 02:00:00,0.3148,0.824199999999997,1.81318333333333,23.6541,"1b","1b","1b","1b"
2020-03-10 03:00:00,0.2897,0.635366666666663,1.52658333333333,23.4611,"1b","1b","1b","1b"
2020-03-10 04:00:00,0.318466666666667,0.92823333333333,2.01456666666667,22.57505,"1b","1b","1b","1b"
2020-03-10 05:00:00,0.318266666666667,1.44571666666666,3.02145,21.5278666666667,"1b","1b","1b","1b"
2020-03-10 06:00:00,0.85675,3.60545,6.54376666666667,19.3371,"1b","1b","1b","1b"
2020-03-10 07:00:00,1.1062,4.42296666666666,7.44413333333333,18.0111833333333,"1b","1b","1b","1b"
2020-03-10 08:00:00,1.12448333333333,4.12888333333333,6.67438333333333,18.92975,"1b","1b","1b","1b"
2020-03-10 09:00:00,1.062,3.06381666666666,4.70686666666667,21.2156333333333,"1b","1b","1b","1b"
2020-03-10 10:00:00,0.85555,2.6313,4.34765,21.3332833333333,"1b","1b","1b","1b"
2020-03-10 11:00:00,0.7982,2.45335,4.17873333333333,21.3906333333333,"1b","1b","1b","1b"
2020-03-10 12:00:00,0.692566666666667,2.80686666666666,5.1206,21.5585333333333,"1b","1b","1b","1b"
2020-03-10 13:00:00,0.4647,2.35533333333333,4.5297,22.9677166666667,"1b","1b","1b","1b"
2020-03-10 14:00:00,0.70955,3.10686666666666,5.60905,21.6888666666667,"1b","1b","1b","1b"
2020-03-10 15:00:00,0.402783333333333,2.74545,5.71661666666667,24.1560166666667,"1b","1b","1b","1b"
2020-03-10 16:00:00,0.599033333333333,4.24713333333333,7.80428333333333,24.2479833333333,"1b","1b","1b","1b"
2020-03-10 17:00:00,0.7718,5.22315,9.21075,24.18785,"1b","1b","1b","1b"
2020-03-10 18:00:00,0.516983333333333,5.2097,9.42388333333333,23.5597,"1b","1b","1b","1b"
2020-03-10 19:00:00,0.492433333333333,4.05966666666666,7.20021666666667,24.1048,"1b","1b","1b","1b"
2020-03-10 20:00:00,0.334666666666667,3.89308333333333,7.53891666666667,22.98955,"1b","1b","1b","1b"
2020-03-10 21:00:00,0.2913,3.62116666666666,7.25568333333333,22.2764666666667,"1b","1b","1b","1b"
2020-03-10 22:00:00,0.299716666666667,4.00833333333333,7.99295,21.6520166666667,"1b","1b","1b","1b"
2020-03-10 23:00:00,0.192616666666667,1.83986666666666,3.42258333333333,24.2698166666667,"1b","1b","1b","1b"
2020-03-11,0.1041,1.24028333333333,3.005,23.70435,"1b","1b","1b","1b"
2020-03-11 01:00:00,0.09395,1.32346666666666,3.862,20.444,"1b","1b","1b","1b"
2020-03-11 02:00:00,0.156033333333333,1.79096666666666,3.73153333333333,21.3271333333333,"1b","1b","1b","1b"
2020-03-11 03:00:00,0.230233333333333,1.36466666666666,2.67236666666667,22.8040833333333,"1b","1b","1b","1b"
2020-03-11 04:00:00,0.337116666666667,1.75835,3.21228333333333,21.8323333333333,"1b","1b","1b","1b"
2020-03-11 05:00:00,0.231383333333333,1.77391666666666,3.57125,23.40895,"1b","1b","1b","1b"
2020-03-11 06:00:00,0.644333333333333,3.17626666666666,5.9895,25.5941833333333,"1b","1b","1b","1b"
2020-03-11 07:00:00,1.00456666666667,6.45738333333333,11.37155,21.9193,"1b","1b","1b","1b"
2020-03-11 08:00:00,1.70713333333333,8.01131666666666,12.5706333333333,21.136,"1b","1b","1b","1b"
2020-03-11 09:00:00,1.1478,4.93546666666666,7.84293333333333,24.29515,"1b","1b","1b","1b"
2020-03-11 10:00:00,0.858966666666667,3.83891666666666,6.43433333333333,25.82205,"1b","1b","1b","1b"
2020-03-11 11:00:00,0.785166666666667,2.86513333333333,4.6962,28.5137333333333,"1b","1b","1b","1b"
2020-03-11 12:00:00,0.700716666666667,2.64303333333333,4.58986666666667,28.9542666666667,"1b","1b","1b","1b"
2020-03-11 13:00:00,0.666883333333333,2.7805,4.95716666666667,28.7852666666667,"1b","1b","1b","1b"
2020-03-11 14:00:00,0.6011,3.1098,5.43955,28.3899,"1b","1b","1b","1b"
2020-03-11 15:00:00,0.6177,3.0596,5.24035,28.7898,"1b","1b","1b","1b"
2020-03-11 16:00:00,0.558016666666667,2.98413333333333,5.31266666666667,28.55105,"1b","1b","1b","1b"
2020-03-11 17:00:00,0.455883333333333,2.83136666666666,5.05513333333333,29.19265,"1b","1b","1b","1b"
2020-03-11 18:00:00,0.347333333333333,2.38575,4.33033333333333,29.8223333333333,"1b","1b","1b","1b"
2020-03-11 19:00:00,0.21125,1.78113333333333,3.49688333333333,30.4184166666667,"1b","1b","1b","1b"
2020-03-11 20:00:00,0.185133333333333,1.71846666666666,3.4789,30.2902,"1b","1b","1b","1b"
2020-03-11 21:00:00,0.220783333333333,1.36486666666666,2.83335,30.9217,"1b","1b","1b","1b"
2020-03-11 22:00:00,0.216616666666667,1.07466666666666,2.27243333333333,31.9353833333333,"1b","1b","1b","1b"
2020-03-11 23:00:00,0.18305,0.817166666666663,1.8684,31.3068,"1b","1b","1b","1b"
2020-03-12,0.187066666666667,1.37955,3.3214,28.612275,"1b","1b","1b","1b"
2020-03-12 01:00:00,0.110416666666667,0.49595,1.7005,27.671,"1b","1b","1b","1b"
2020-03-12 02:00:00,0.347316666666667,1.12131666666666,2.21675,26.3003333333333,"1b","1b","1b","1b"
2020-03-12 03:00:00,0.335316666666667,1.39088333333333,2.69298333333333,25.3652833333333,"1b","1b","1b","1b"
2020-03-12 04:00:00,0.410816666666667,1.18688333333333,2.13708333333333,24.8967333333333,"1b","1b","1b","1b"
2020-03-12 05:00:00,0.49855,1.6244,2.87321666666667,24.06005,"1b","1b","1b","1b"
2020-03-12 06:00:00,1.39486666666667,4.5674,7.08856666666667,21.8620833333333,"1b","1b","1b","1b"
2020-03-12 07:00:00,1.31138333333333,6.19128333333333,9.87488333333333,20.2611333333333,"1b","1b","1b","1b"
2020-03-12 08:00:00,1.32976666666667,6.234,9.97358333333333,21.3517666666667,"1b","1b","1b","1b"
2020-03-12 09:00:00,1.10005,4.1844,6.59056666666667,25.1650166666667,"1b","1b","1b","1b"
2020-03-12 10:00:00,1.12825,3.6041,5.70781666666667,24.6071333333333,"1b","1b","1b","1b"
2020-03-12 11:00:00,1.14765,3.30753333333333,4.73281666666667,24.6433666666667,"1b","1b","1b","1b"
2020-03-12 12:00:00,0.97295,2.5221,3.74776666666667,25.3372,"1b","1b","1b","1b"
2020-03-12 13:00:00,0.869583333333333,2.80711666666666,4.45375,26.2295,"1b","1b","1b","1b"
2020-03-12 14:00:00,0.875283333333333,2.60685,3.85761666666667,26.9593666666667,"1b","1b","1b","1b"
2020-03-12 15:00:00,0.773166666666667,2.76413333333333,4.52801666666667,26.19355,"1b","1b","1b","1b"
2020-03-12 16:00:00,0.702633333333333,2.60538333333333,4.37355,26.1011,"1b","1b","1b","1b"
2020-03-12 17:00:00,0.682833333333333,3.19705,5.75003333333333,24.76795,"1b","1b","1b","1b"
2020-03-12 18:00:00,0.59195,3.2687,5.94791666666667,24.1024,"1b","1b","1b","1b"
2020-03-12 19:00:00,0.32555,3.09206666666666,6.16678333333333,24.4889666666667,"1b","1b","1b","1b"
2020-03-12 20:00:00,0.332016666666667,3.09595,5.55918333333333,25.0931166666667,"1b","1b","1b","1b"
2020-03-12 21:00:00,0.33,2.03921666666666,4.17946666666667,26.41455,"1b","1b","1b","1b"
2020-03-12 22:00:00,0.268783333333333,2.61701666666666,5.14918333333333,25.00325,"1b","1b","1b","1b"
2020-03-12 23:00:00,0.162516666666667,1.12181666666666,2.39405,27.0452166666667,"1b","1b","1b","1b"
2020-03-13,0.14415,0.821366666666663,1.7538,26.6545,"1b","1b","1b","1b"
2020-03-13 01:00:00,0.121233333333333,0.614099999999997,1.72929166666667,26.3944090909091,"1b","1b","1b","1b"
2020-03-13 02:00:00,0.224616666666667,0.513266666666663,1.33796666666667,26.5840166666667,"1b","1b","1b","1b"
2020-03-13 03:00:00,0.196316666666667,0.59803333333333,1.53541666666667,25.9384666666667,"1b","1b","1b","1b"
2020-03-13 04:00:00,0.21845,0.93518333333333,2.22963333333333,25.5239833333333,"1b","1b","1b","1b"
2020-03-13 05:00:00,0.198616666666667,1.40918333333333,2.99655,24.8333,"1b","1b","1b","1b"
2020-03-13 06:00:00,0.51895,3.10188333333333,6.00838333333333,23.2012,"1b","1b","1b","1b"
2020-03-13 07:00:00,0.923916666666667,4.8352,8.48755,21.6142333333333,"1b","1b","1b","1b"
2020-03-13 08:00:00,1.34251666666667,5.61713333333333,9.4197,21.2509833333333,"1b","1b","1b","1b"
2020-03-13 09:00:00,1.378,5.07093333333333,8.38541666666667,21.5739833333333,"1b","1b","1b","1b"
2020-03-13 10:00:00,0.7976,3.81908333333333,6.66628333333333,22.4086833333333,"1b","1b","1b","1b"
2020-03-13 11:00:00,0.59055,3.25796666666666,5.9076,22.9165166666667,"1b","1b","1b","1b"
2020-03-13 12:00:00,0.60525,3.53495,6.53931666666667,22.4207833333333,"1b","1b","1b","1b"
2020-03-13 13:00:00,0.613933333333333,3.01416666666666,5.9626,24.0516333333333,"1b","1b","1b","1b"
2020-03-13 14:00:00,0.802683333333333,4.27088333333333,7.62923333333333,23.1829833333333,"1b","1b","1b","1b"
2020-03-13 15:00:00,0.80325,4.23438333333333,8.17016666666667,23.1492333333333,"1b","1b","1b","1b"
2020-03-13 16:00:00,1.73681666666667,12.3434166666666,22.45215,14.1252333333333,"1b","1b","1b","1b"
2020-03-13 17:00:00,1.20665,14.3437666666666,26.8786666666667,10.8390666666667,"1b","1b","1b","1b"
2020-03-13 18:00:00,0.4068,11.2029,21.8295,11.892,"1b","1b","1b","1b"
2020-03-13 19:00:00,0.580016666666667,13.9857833333333,26.9355,7.33036666666667,"1b","1b","1b","1b"
2020-03-13 20:00:00,0.333366666666667,12.6736666666666,25.0951333333333,8.61431666666667,"1b","1b","1b","1b"
2020-03-13 21:00:00,0.2544,10.1000833333333,18.4889333333333,12.4361666666667,"1b","1b","1b","1b"
2020-03-13 22:00:00,0.1644,4.09013333333333,7.21508333333333,19.5627666666667,"1b","1b","1b","1b"
2020-03-13 23:00:00,0.142633333333333,2.84018333333333,5.11756666666667,20.3876333333333,"1b","1b","1b","1b"
2020-03-14,0.12915,1.48911666666666,3.21683333333333,22.7373,"1b","1b","1b","1b"
2020-03-14 01:00:00,0.0879166666666667,1.04761666666666,2.50683333333333,23.3264772727273,"1b","1b","1b","1b"
2020-03-14 02:00:00,0.1075,1.46453333333333,2.99131666666667,23.173,"1b","1b","1b","1b"
2020-03-14 03:00:00,0.119633333333333,1.29898333333333,2.58521666666667,23.6244,"1b","1b","1b","1b"
2020-03-14 04:00:00,0.155633333333333,1.26256666666666,2.60421666666667,23.4081666666667,"1b","1b","1b","1b"
2020-03-14 05:00:00,0.2008,1.46436666666666,2.87546666666667,22.9369833333333,"1b","1b","1b","1b"
2020-03-14 06:00:00,0.187,1.92385,3.88148333333333,21.7466666666667,"1b","1b","1b","1b"
2020-03-14 07:00:00,0.274016666666667,2.60778333333333,5.12346666666667,20.3372166666667,"1b","1b","1b","1b"
2020-03-14 08:00:00,0.45535,3.10401666666666,5.43628333333333,20.9320666666667,"1b","1b","1b","1b"
2020-03-14 09:00:00,0.408766666666667,2.74581666666666,5.11771666666667,23.0475666666667,"1b","1b","1b","1b"
2020-03-14 10:00:00,0.8558,3.72233333333333,6.25041666666667,23.35385,"1b","1b","1b","1b"
2020-03-14 11:00:00,0.535616666666667,3.24326666666666,5.59561666666667,24.6153166666667,"1b","1b","1b","1b"
2020-03-14 12:00:00,0.491533333333333,2.89561666666666,5.2861,26.2833833333333,"1b","1b","1b","1b"
2020-03-14 13:00:00,0.807433333333333,3.40083333333333,5.68131666666667,26.14115,"1b","1b","1b","1b"
2020-03-14 14:00:00,0.501916666666667,2.83041666666666,5.04501666666667,27.0662833333333,"1b","1b","1b","1b"
2020-03-14 15:00:00,0.5027,2.52308333333333,4.57641666666667,27.0801666666667,"1b","1b","1b","1b"
2020-03-14 16:00:00,0.340583333333333,2.5787,4.83536666666667,27.0567166666667,"1b","1b","1b","1b"
2020-03-14 17:00:00,0.267933333333333,2.81193333333333,5.28081666666667,26.7424833333333,"1b","1b","1b","1b"
2020-03-14 18:00:00,0.326066666666667,2.22988333333333,4.05823333333333,26.5985333333333,"1b","1b","1b","1b"
2020-03-14 19:00:00,0.279233333333333,2.26943333333333,4.30456666666667,24.8418833333333,"1b","1b","1b","1b"
2020-03-14 20:00:00,0.122033333333333,2.14126666666666,4.34028333333333,24.1202333333333,"1b","1b","1b","1b"
2020-03-14 21:00:00,0.280466666666667,2.2057,4.09825,23.7946333333333,"1b","1b","1b","1b"
2020-03-14 22:00:00,0.25745,1.67981666666666,3.03413333333333,26.4904,"1b","1b","1b","1b"
2020-03-14 23:00:00,0.235883333333333,1.31826666666666,2.50235,28.1277,"1b","1b","1b","1b"
2020-03-15,0.1272,1.03928333333333,2.27656666666667,28.481025,"1b","1b","1b","1b"
2020-03-15 01:00:00,0.11365,1.12081666666666,2.32345833333333,28.2129772727273,"1b","1b","1b","1b"
2020-03-15 02:00:00,0.234566666666667,1.06818333333333,1.87913333333333,28.8161666666667,"1b","1b","1b","1b"
2020-03-15 03:00:00,0.223016666666667,0.784866666666663,1.607,28.968,"1b","1b","1b","1b"
2020-03-15 04:00:00,0.24205,0.863149999999997,1.72231666666667,29.238,"1b","1b","1b","1b"
2020-03-15 05:00:00,0.235,0.828466666666663,1.75238333333333,29.3024833333333,"1b","1b","1b","1b"
2020-03-15 06:00:00,0.143083333333333,0.586499999999997,1.5216,30.4752833333333,"1b","1b","1b","1b"
2020-03-15 07:00:00,0.159683333333333,1.81243333333333,4.0896,27.9620666666667,"1b","1b","1b","1b"
2020-03-15 08:00:00,0.17285,1.09103333333333,2.46651666666667,29.5881333333333,"1b","1b","1b","1b"
2020-03-15 09:00:00,0.355166666666667,2.23405,4.58235,27.6364,"1b","1b","1b","1b"
2020-03-15 10:00:00,0.70965,3.74956666666666,5.98706666666667,27.2192,"1b","1b","1b","1b"
2020-03-15 11:00:00,0.460333333333333,2.38078333333333,4.52898333333333,29.1671,"1b","1b","1b","1b"
2020-03-15 12:00:00,0.215433333333333,2.13113333333333,4.56098333333333,29.7872833333333,"1b","1b","1b","1b"
2020-03-15 13:00:00,0.2825,2.39358333333333,4.94716666666667,28.5155333333333,"1b","1b","1b","1b"
2020-03-15 14:00:00,0.657166666666667,3.57606666666666,6.58616666666667,27.6033,"1b","1b","1b","1b"
2020-03-15 15:00:00,0.523383333333333,2.93128333333333,5.40701666666667,26.97545,"1b","1b","1b","1b"
2020-03-15 16:00:00,0.424183333333333,4.34203333333333,8.54035,23.0310833333333,"1b","1b","1b","1b"
2020-03-15 17:00:00,1.28363333333333,7.90426666666666,14.2535333333333,16.8921666666667,"1b","1b","1b","1b"
2020-03-15 18:00:00,2.914,11.0503,16.8859666666667,13.46725,"1b","1b","1b","1b"
2020-03-15 19:00:00,2.57365,14.1248833333333,20.7840666666667,11.8474333333333,"1b","1b","1b","1b"
2020-03-15 20:00:00,2.65635,13.0610666666666,19.5609,11.1621833333333,"1b","1b","1b","1b"
2020-03-15 21:00:00,3.51938333333333,14.41055,19.3882166666667,11.8830333333333,"1b","1b","1b","1b"
2020-03-15 22:00:00,0.800366666666667,8.90743333333333,15.2386333333333,14.0839333333333,"1b","1b","1b","1b"
2020-03-15 23:00:00,0.20875,5.1842,9.19,17.4325,"1b","1b","1b","1b"
2020-03-16,0.139516666666667,2.80346666666666,6.3685,19.47935,"1b","1b","1b","1b"
2020-03-16 01:00:00,0.109,1.98928333333333,6.20283333333333,18.7454772727273,"1b","1b","1b","1b"
2020-03-16 02:00:00,0.130733333333333,2.29823333333333,4.55228333333333,20.1868833333333,"1b","1b","1b","1b"
2020-03-16 03:00:00,0.1622,1.82335,3.75166666666667,21.5643166666667,"1b","1b","1b","1b"
2020-03-16 04:00:00,0.113933333333333,2.39708333333333,5.06808333333333,21.03,"1b","1b","1b","1b"
2020-03-16 05:00:00,0.1575,3.495,7.05136666666667,19.1274833333333,"1b","1b","1b","1b"
2020-03-16 06:00:00,2.47603333333333,10.5020666666667,16.9738666666667,12.5129666666667,"1b","1b","1b","1b"
2020-03-16 07:00:00,6.0372,20.1257666666666,27.44435,7.08388333333333,"1b","1b","1b","1b"
2020-03-16 08:00:00,4.76966666666667,15.5851833333333,19.9533666666667,13.7923666666667,"1b","1b","1b","1b"
2020-03-16 09:00:00,2.06248333333333,7.78001666666666,11.0281666666667,21.3740166666667,"1b","1b","1b","1b"
2020-03-16 10:00:00,1.04886666666667,4.10886666666666,6.59496666666667,24.5393166666667,"1b","1b","1b","1b"
2020-03-16 11:00:00,1.01045,3.43255,5.4419,24.4301833333333,"1b","1b","1b","1b"
2020-03-16 12:00:00,1.03813333333333,2.86803333333333,3.98691666666667,26.0294833333333,"1b","1b","1b","1b"
2020-03-16 13:00:00,0.900316666666667,2.58168333333333,3.89195,27.72255,"1b","1b","1b","1b"
2020-03-16 14:00:00,0.64435,2.16781666666666,3.30431666666667,28.5912166666667,"1b","1b","1b","1b"
2020-03-16 15:00:00,0.728233333333333,2.79555,4.65641666666667,27.5606,"1b","1b","1b","1b"
2020-03-16 16:00:00,0.57805,3.69453333333333,6.37335,25.8935833333333,"1b","1b","1b","1b"
2020-03-16 17:00:00,1.81625,6.44073333333333,9.32748333333333,24.1286833333333,"1b","1b","1b","1b"
2020-03-16 18:00:00,0.5081,4.84136666666666,8.81446666666667,23.9357666666667,"1b","1b","1b","1b"
2020-03-16 19:00:00,0.315666666666667,3.8026,6.8536,25.0216333333333,"1b","1b","1b","1b"
2020-03-16 20:00:00,0.29355,3.18948333333333,5.78623333333333,25.1669333333333,"1b","1b","1b","1b"
2020-03-16 21:00:00,0.2447,2.73013333333333,5.12673333333333,25.5642833333333,"1b","1b","1b","1b"
2020-03-16 22:00:00,0.256716666666667,3.46733333333333,6.18371666666667,23.8732,"1b","1b","1b","1b"
2020-03-16 23:00:00,0.19685,2.31776666666666,4.28591666666667,25.13215,"1b","1b","1b","1b"
2020-03-17,0.220416666666667,1.68256666666666,3.41943333333333,25.76535,"1b","1b","1b","1b"
2020-03-17 01:00:00,0.20555,1.11538333333333,2.25058333333333,26.7871818181818,"1b","1b","1b","1b"
2020-03-17 02:00:00,0.480633333333333,1.8822,3.13191666666667,25.3668333333333,"1b","1b","1b","1b"
2020-03-17 03:00:00,0.314083333333333,1.60706666666666,2.974,25.28645,"1b","1b","1b","1b"
2020-03-17 04:00:00,0.523533333333333,2.05681666666666,3.42286666666667,23.78415,"1b","1b","1b","1b"
2020-03-17 05:00:00,0.523433333333333,2.9357,5.16045,22.2894333333333,"1b","1b","1b","1b"
2020-03-17 06:00:00,0.934283333333333,4.59153333333333,7.98146666666667,20.7872,"1b","1b","1b","1b"
2020-03-17 07:00:00,1.07025,6.22958333333333,10.7081166666667,18.6760166666667,"1b","1b","1b","1b"
2020-03-17 08:00:00,NA,NA,11.0303157894737,NA,"2b","2b","1b","5b"
2020-03-17 09:00:00,0.00123333333333333,0.20556666666666,8.81263333333333,NA,"3b","3b","1b","5b"
2020-03-17 10:00:00,0.0803833333333333,0,7.23121666666667,13.1540612244898,"3b","3b","1b","1b"
2020-03-17 11:00:00,66.0509333333333,71.8818,7.02798333333333,13.0790833333333,"3b","3b","1b","1b"
2020-03-17 12:00:00,216.111716666667,242.892266666666,7.33797674418605,14.0730833333333,"3b","3b","1b","1b"
2020-03-17 13:00:00,94.45835,126.015266666666,6.42816666666667,18.2139833333333,"3b","3b","1b","1b"
2020-03-17 14:00:00,0.837883333333333,4.35168333333333,7.38418333333333,20.5124166666667,"3b","3b","1b","1b"
2020-03-17 15:00:00,0.80065,4.38436666666666,7.62725,20.4689666666667,"1b","1b","1b","1b"
2020-03-17 16:00:00,0.7012,4.38188333333333,7.69018333333333,20.1698166666667,"1b","1b","1b","1b"
2020-03-17 17:00:00,0.559333333333333,4.2712,7.68263333333333,20.3024166666667,"1b","1b","1b","1b"
2020-03-17 18:00:00,0.455533333333333,3.61621666666666,6.7029,21.03795,"1b","1b","1b","1b"
2020-03-17 19:00:00,0.190433333333333,2.98888333333333,5.96363333333333,22.9638,"1b","1b","1b","1b"
2020-03-17 20:00:00,0.237816666666667,2.72631666666666,5.25803333333333,23.0923833333333,"1b","1b","1b","1b"
2020-03-17 21:00:00,0.176783333333333,1.71078333333333,3.43828333333333,24.34,"1b","1b","1b","1b"
2020-03-17 22:00:00,0.187666666666667,1.59375,3.31093333333333,23.5691166666667,"1b","1b","1b","1b"
2020-03-17 23:00:00,0.255,1.62431666666666,3.17788333333333,22.74145,"1b","1b","1b","1b"
2020-03-18,0.105583333333333,0.873049999999997,2.2469,23.65,"1b","1b","1b","1b"
2020-03-18 01:00:00,0.173716666666667,0.662816666666663,1.68633333333333,24.5957954545455,"1b","1b","1b","1b"
2020-03-18 02:00:00,0.36345,0.93083333333333,1.72376666666667,24.8195,"1b","1b","1b","1b"
2020-03-18 03:00:00,0.237583333333333,0.680699999999997,1.512,25.0444333333333,"1b","1b","1b","1b"
2020-03-18 04:00:00,0.262516666666667,0.774466666666663,1.7789,24.3609166666667,"1b","1b","1b","1b"
2020-03-18 05:00:00,0.404883333333333,1.23391666666666,2.36308333333333,23.4839666666667,"1b","1b","1b","1b"
2020-03-18 06:00:00,0.445783333333333,2.26891666666666,4.61803333333333,21.15585,"1b","1b","1b","1b"
2020-03-18 07:00:00,0.744583333333333,4.76015,8.7128,18.5758666666667,"1b","1b","1b","1b"
2020-03-18 08:00:00,0.760416666666667,8.30681666666666,16.4778166666667,13.4144833333333,"1b","1b","1b","1b"
2020-03-18 09:00:00,1.4188,9.4061,16.3339333333333,12.5321333333333,"1b","1b","1b","1b"
2020-03-18 10:00:00,1.43953333333333,8.9229,15.97685,12.1298,"1b","1b","1b","1b"
2020-03-18 11:00:00,1.461,8.0186,13.1704166666667,18.2837833333333,"1b","1b","1b","1b"
2020-03-18 12:00:00,1.06113333333333,7.3382,13.2318666666667,18.64545,"1b","1b","1b","1b"
2020-03-18 13:00:00,1.58386666666667,8.13688333333333,13.8998666666667,18.82225,"1b","1b","1b","1b"
2020-03-18 14:00:00,1.29755,8.32676666666666,14.5692166666667,18.3827666666667,"1b","1b","1b","1b"
2020-03-18 15:00:00,0.879116666666667,7.20365,13.4536166666667,18.2760333333333,"1b","1b","1b","1b"
2020-03-18 16:00:00,0.76,8.04546666666666,15.0959166666667,17.9467666666667,"1b","1b","1b","1b"
2020-03-18 17:00:00,0.508966666666667,8.11275,15.0408166666667,18.1548833333333,"1b","1b","1b","1b"
2020-03-18 18:00:00,0.226516666666667,7.02258333333333,14.4584333333333,20.0683,"1b","1b","1b","1b"
2020-03-18 19:00:00,0.422116666666667,10.85235,21.2082666666667,14.50035,"1b","1b","1b","1b"
2020-03-18 20:00:00,0.6445,12.7393166666666,23.4628,10.8034,"1b","1b","1b","1b"
2020-03-18 21:00:00,1.04803333333333,14.8853833333333,26.9629166666667,6.9782,"1b","1b","1b","1b"
2020-03-18 22:00:00,1.59461666666667,16.5155333333333,27.65895,5.10753333333333,"1b","1b","1b","1b"
2020-03-18 23:00:00,0.512666666666667,12.3421666666666,21.90275,8.75905,"1b","1b","1b","1b"
2020-03-19,0.20945,8.9753,17.0444,11.7223,"1b","1b","1b","1b"
2020-03-19 01:00:00,0.143633333333333,5.23541666666666,7.37183333333333,17.8561363636364,"1b","1b","1b","1b"
2020-03-19 02:00:00,0.0985333333333333,3.4228,5.33446666666667,20.1887166666667,"1b","1b","1b","1b"
2020-03-19 03:00:00,0.0812,2.7406,4.53815,21.3010666666667,"1b","1b","1b","1b"
2020-03-19 04:00:00,0.30965,5.84486666666666,10.562,18.4747333333333,"1b","1b","1b","1b"
2020-03-19 05:00:00,0.365066666666667,7.59026666666666,14.2866666666667,15.5229666666667,"1b","1b","1b","1b"
2020-03-19 06:00:00,0.340983333333333,6.8314,12.0639833333333,19.6158833333333,"1b","1b","1b","1b"
2020-03-19 07:00:00,0.55345,7.26838333333333,13.48405,21.4968333333333,"1b","1b","1b","1b"
2020-03-19 08:00:00,0.807016666666667,6.38653333333333,10.3518,24.1589333333333,"1b","1b","1b","1b"
2020-03-19 09:00:00,0.471816666666667,4.13103333333333,7.25695,26.1648166666667,"1b","1b","1b","1b"
2020-03-19 10:00:00,0.832483333333333,5.88865,10.5721166666667,23.3887666666667,"1b","1b","1b","1b"
2020-03-19 11:00:00,0.99645,5.67688333333333,9.26155,24.7677666666667,"1b","1b","1b","1b"
2020-03-19 12:00:00,1.08678333333333,6.04578333333333,9.79266666666667,24.0709,"1b","1b","1b","1b"
2020-03-19 13:00:00,1.2527,6.42808333333333,10.5094333333333,24.24565,"1b","1b","1b","1b"
2020-03-19 14:00:00,0.996083333333333,6.08018333333333,10.0651333333333,24.4714,"1b","1b","1b","1b"
2020-03-19 15:00:00,0.6646,5.28796666666666,9.17585,24.6298166666667,"1b","1b","1b","1b"
2020-03-19 16:00:00,0.539383333333333,5.56375,10.1405833333333,23.8166,"1b","1b","1b","1b"
2020-03-19 17:00:00,0.33345,6.13298333333333,11.5509166666667,22.0445333333333,"1b","1b","1b","1b"
2020-03-19 18:00:00,0.157483333333333,5.30821666666666,9.86945,23.07855,"1b","1b","1b","1b"
2020-03-19 19:00:00,0.104333333333333,4.97885,9.51278333333333,23.45045,"1b","1b","1b","1b"
2020-03-19 20:00:00,0.137,5.49691666666666,10.3043,22.1199833333333,"1b","1b","1b","1b"
2020-03-19 21:00:00,0.1482,6.18268333333333,11.6063166666667,20.7831666666667,"1b","1b","1b","1b"
2020-03-19 22:00:00,0.116883333333333,5.20961666666666,9.60291666666667,22.1460333333333,"1b","1b","1b","1b"
2020-03-19 23:00:00,0.157266666666667,5.4599,11.0179,20.83755,"1b","1b","1b","1b"
2020-03-20,0.18035,6.71605,12.3401,19.4124,"1b","1b","1b","1b"
2020-03-20 01:00:00,0.174566666666667,5.27418333333333,7.53616666666667,22.3090454545455,"1b","1b","1b","1b"
2020-03-20 02:00:00,0.0593166666666667,4.55896666666666,8.27188333333333,20.6372333333333,"1b","1b","1b","1b"
2020-03-20 03:00:00,0.108366666666667,4.83918333333333,7.95856666666667,18.7133666666667,"1b","1b","1b","1b"
2020-03-20 04:00:00,0.173916666666667,4.1184,6.45516666666667,20.2174,"1b","1b","1b","1b"
2020-03-20 05:00:00,0.17215,4.44098333333333,7.76365,19.7064666666667,"1b","1b","1b","1b"
2020-03-20 06:00:00,0.2379,5.12661666666666,9.15996666666667,18.6467333333333,"1b","1b","1b","1b"
2020-03-20 07:00:00,0.608816666666667,6.2608,10.7698666666667,17.1955333333333,"1b","1b","1b","1b"
2020-03-20 08:00:00,0.97325,5.85715,9.37023333333333,18.8002333333333,"1b","1b","1b","1b"
2020-03-20 09:00:00,0.89085,4.07133333333333,6.0947,22.0061666666667,"1b","1b","1b","1b"
2020-03-20 10:00:00,0.726383333333333,3.54401666666666,5.76068333333333,22.6629833333333,"1b","1b","1b","1b"
2020-03-20 11:00:00,0.813083333333333,3.33676666666666,5.04171666666667,23.4494833333333,"1b","1b","1b","1b"
2020-03-20 12:00:00,0.55815,2.50205,3.98583333333333,25.4926,"1b","1b","1b","1b"
2020-03-20 13:00:00,0.6146,2.60541666666666,4.16273333333333,25.9947166666667,"1b","1b","1b","1b"
2020-03-20 14:00:00,0.6043,2.58768333333333,3.92811666666667,26.3074333333333,"1b","1b","1b","1b"
2020-03-20 15:00:00,0.581083333333333,2.60205,4.02635,26.4096166666667,"1b","1b","1b","1b"
2020-03-20 16:00:00,0.299366666666667,2.26796666666666,4.21516666666667,26.64125,"1b","1b","1b","1b"
2020-03-20 17:00:00,0.1909,2.70195,5.07763333333333,26.0462166666667,"1b","1b","1b","1b"
2020-03-20 18:00:00,0.126183333333333,3.65816666666666,7.2507,23.9455833333333,"1b","1b","1b","1b"
2020-03-20 19:00:00,0.0920833333333333,2.98606666666666,5.64583333333333,25.0782,"1b","1b","1b","1b"
2020-03-20 20:00:00,0.0953666666666667,3.02586666666666,5.87018333333333,24.2943833333333,"1b","1b","1b","1b"
2020-03-20 21:00:00,0.08085,2.15271666666666,4.34293333333333,25.3217,"1b","1b","1b","1b"
2020-03-20 22:00:00,0.0832166666666667,2.38471666666666,4.70006666666667,24.52955,"1b","1b","1b","1b"
2020-03-20 23:00:00,0.0729833333333333,1.70385,3.53151666666667,24.7533666666667,"1b","1b","1b","1b"
2020-03-21,0.0786,2.06241666666666,4.26383333333333,23.547525,"1b","1b","1b","1b"
2020-03-21 01:00:00,0.0740333333333333,1.53028333333333,2.55041666666667,24.3512272727273,"1b","1b","1b","1b"
2020-03-21 02:00:00,0.0686,0.858316666666663,1.83046666666667,26.03925,"1b","1b","1b","1b"
2020-03-21 03:00:00,0.0603166666666667,0.737149999999997,1.70623333333333,26.7530833333333,"1b","1b","1b","1b"
2020-03-21 04:00:00,0.0657833333333333,1.49181666666666,3.24558333333333,25.52185,"1b","1b","1b","1b"
2020-03-21 05:00:00,0.0756833333333333,1.27711666666666,2.62071666666667,25.5966833333333,"1b","1b","1b","1b"
2020-03-21 06:00:00,0.09625,1.5634,3.25701666666667,24.8804166666667,"1b","1b","1b","1b"
2020-03-21 07:00:00,0.282,2.49996666666666,4.47661666666667,23.4478166666667,"1b","1b","1b","1b"
2020-03-21 08:00:00,0.42955,3.10995,5.01143333333333,23.2500166666667,"1b","1b","1b","1b"
2020-03-21 09:00:00,0.502966666666667,2.29556666666666,3.38611666666667,24.7031166666667,"1b","1b","1b","1b"
2020-03-21 10:00:00,0.632816666666667,2.35861666666666,3.49093333333333,24.6974666666667,"1b","1b","1b","1b"
2020-03-21 11:00:00,0.665983333333333,2.37681666666666,3.36396666666667,24.6257333333333,"1b","1b","1b","1b"
2020-03-21 12:00:00,0.512,1.73598333333333,2.40496666666667,27.16665,"1b","1b","1b","1b"
2020-03-21 13:00:00,0.37145,1.40863333333333,2.0139,28.3775333333333,"1b","1b","1b","1b"
2020-03-21 14:00:00,0.319416666666667,1.4536,2.30506666666667,28.7030833333333,"1b","1b","1b","1b"
2020-03-21 15:00:00,0.30815,1.82775,3.05076666666667,28.5305833333333,"1b","1b","1b","1b"
2020-03-21 16:00:00,0.248033333333333,2.06976666666666,3.42046666666667,29.4748666666667,"1b","1b","1b","1b"
2020-03-21 17:00:00,0.1903,2.8825,5.37638333333333,28.84825,"1b","1b","1b","1b"
2020-03-21 18:00:00,0.1026,3.18688333333333,5.80888333333333,27.1625833333333,"1b","1b","1b","1b"
2020-03-21 19:00:00,0.0883833333333333,4.52536666666666,8.34546666666667,23.73955,"1b","1b","1b","1b"
2020-03-21 20:00:00,0.0919166666666667,4.02565,7.23665,23.2998833333333,"1b","1b","1b","1b"
2020-03-21 21:00:00,0.0915833333333333,4.74363333333333,8.63968333333333,21.1156666666667,"1b","1b","1b","1b"
2020-03-21 22:00:00,0.0969,4.78606666666666,8.50593333333333,20.0657833333333,"1b","1b","1b","1b"
2020-03-21 23:00:00,0.108333333333333,4.76178333333333,8.25681666666667,19.3768333333333,"1b","1b","1b","1b"
2020-03-22,0.102916666666667,3.94468333333333,7.2737,19.0730512820513,"1b","1b","1b","1b"
2020-03-22 01:00:00,0.0828,2.92675,4.66758333333333,19.7499545454545,"1b","1b","1b","1b"
2020-03-22 02:00:00,0.1025,4.34146666666666,7.58953333333333,17.1707333333333,"1b","1b","1b","1b"
2020-03-22 03:00:00,0.09505,3.70933333333333,6.00761666666667,17.3073833333333,"1b","1b","1b","1b"
2020-03-22 04:00:00,0.0974666666666667,4.42983333333333,7.9382,15.7876166666667,"1b","1b","1b","1b"
2020-03-22 05:00:00,0.10145,5.94075,10.7573,13.6573666666667,"1b","1b","1b","1b"
2020-03-22 06:00:00,0.349383333333333,6.60453333333333,11.4484333333333,13.5361666666667,"1b","1b","1b","1b"
2020-03-22 07:00:00,0.867866666666667,6.00528333333333,9.04103333333333,15.4571666666667,"1b","1b","1b","1b"
2020-03-22 08:00:00,1.03001666666667,4.30786666666666,5.3268,18.7677166666667,"1b","1b","1b","1b"
2020-03-22 09:00:00,0.850416666666667,3.33703333333333,3.90261666666667,22.2423166666667,"1b","1b","1b","1b"
2020-03-22 10:00:00,0.59135,2.33615,2.70945,24.0534333333333,"1b","1b","1b","1b"
2020-03-22 11:00:00,0.576266666666667,2.35281666666666,2.75836666666667,24.5884333333333,"1b","1b","1b","1b"
2020-03-22 12:00:00,0.616466666666667,2.5083,2.80168333333333,25.1682166666667,"1b","1b","1b","1b"
2020-03-22 13:00:00,0.620383333333333,2.64315,3.16401666666667,25.4621166666667,"1b","1b","1b","1b"
2020-03-22 14:00:00,0.5781,2.91831666666666,3.57543333333333,25.6411166666667,"1b","1b","1b","1b"
2020-03-22 15:00:00,0.516766666666667,2.96188333333333,3.72521666666667,26.5660833333333,"1b","1b","1b","1b"
2020-03-22 16:00:00,0.373833333333333,2.77465,3.75776666666667,27.5437333333333,"1b","1b","1b","1b"
2020-03-22 17:00:00,0.2185,2.76673333333333,4.18566666666667,28.0541666666667,"1b","1b","1b","1b"
2020-03-22 18:00:00,0.10515,3.95925,6.82106666666667,26.01885,"1b","1b","1b","1b"
2020-03-22 19:00:00,0.0995,5.09336666666666,8.47186666666667,23.89975,"1b","1b","1b","1b"
2020-03-22 20:00:00,0.1145,5.8422,9.82295,21.2251166666667,"1b","1b","1b","1b"
2020-03-22 21:00:00,0.12575,6.1054,10.3914,20.3876666666667,"1b","1b","1b","1b"
2020-03-22 22:00:00,0.117116666666667,5.96898333333333,10.0195666666667,19.79295,"1b","1b","1b","1b"
2020-03-22 23:00:00,0.114066666666667,5.85113333333333,9.91783333333333,18.8686833333333,"1b","1b","1b","1b"
2020-03-23,0.127183333333333,6.10303333333333,10.0238,17.588025,"1b","1b","1b","1b"
2020-03-23 01:00:00,0.162566666666667,7.57506666666666,14.928,13.2315909090909,"1b","1b","1b","1b"
2020-03-23 02:00:00,0.140383333333333,6.79356666666666,10.6412,14.8013833333333,"1b","1b","1b","1b"
2020-03-23 03:00:00,0.147566666666667,5.5488,9.10975,14.7945,"1b","1b","1b","1b"
2020-03-23 04:00:00,0.1245,6.697,12.1427166666667,11.1319666666667,"1b","1b","1b","1b"
2020-03-23 05:00:00,0.286116666666667,9.01531666666666,16.14,8.36705,"1b","1b","1b","1b"
2020-03-23 06:00:00,5.14653333333333,17.8609333333333,24.6062833333333,5.20188333333333,"1b","1b","1b","1b"
2020-03-23 07:00:00,13.7729833333333,29.3986,25.8474833333333,6.3803,"1b","1b","1b","1b"
2020-03-23 08:00:00,5.82218333333333,15.95655,15.5850666666667,14.2759,"1b","1b","1b","1b"
2020-03-23 09:00:00,1.22188333333333,5.59761666666666,6.64035,22.7099333333333,"1b","1b","1b","1b"
2020-03-23 10:00:00,1.30085,5.51821666666666,6.55791666666667,23.0694833333333,"1b","1b","1b","1b"
2020-03-23 11:00:00,1.09958333333333,5.08483333333333,6.19383333333333,24.1399666666667,"1b","1b","1b","1b"
2020-03-23 12:00:00,1.2175,5.31166666666666,6.36658333333333,25.1685833333333,"1b","1b","1b","1b"
2020-03-23 13:00:00,1.28811666666667,5.7043,6.81926666666667,25.5512333333333,"1b","1b","1b","1b"
2020-03-23 14:00:00,1.15311666666667,5.78603333333333,7.02528333333333,26.1924666666667,"1b","1b","1b","1b"
2020-03-23 15:00:00,1.08113333333333,5.837,7.61553333333333,26.4787666666667,"1b","1b","1b","1b"
2020-03-23 16:00:00,0.701833333333333,5.8137,8.51693333333333,26.0219333333333,"1b","1b","1b","1b"
2020-03-23 17:00:00,0.450383333333333,6.4927,10.4059666666667,24.5637,"1b","1b","1b","1b"
2020-03-23 18:00:00,0.4181,9.59273333333333,16.7559,19.54105,"1b","1b","1b","1b"
2020-03-23 19:00:00,0.868433333333333,13.1699,19.5734666666667,16.9607666666667,"1b","1b","1b","1b"
2020-03-23 20:00:00,0.1479,8.58,13.52395,19.29545,"1b","1b","1b","1b"
2020-03-23 21:00:00,0.15845,9.29551666666666,14.4629666666667,16.7769,"1b","1b","1b","1b"
2020-03-23 22:00:00,0.17505,8.84126666666666,13.5914,15.92515,"1b","1b","1b","1b"
2020-03-23 23:00:00,0.142333333333333,8.19453333333333,13.5287833333333,14.7189666666667,"1b","1b","1b","1b"
2020-03-24,0.2271,9.073,16.0865666666667,10.8089487179487,"1b","1b","1b","1b"
2020-03-24 01:00:00,0.172666666666667,8.73923333333333,14.3380416666667,11.2681363636364,"1b","1b","1b","1b"
2020-03-24 02:00:00,0.164066666666667,7.71803333333333,13.5699,9.82638333333333,"1b","1b","1b","1b"
2020-03-24 03:00:00,0.168366666666667,7.66961666666666,12.82595,11.0298333333333,"1b","1b","1b","1b"
2020-03-24 04:00:00,0.144633333333333,7.4666,12.3043333333333,11.2426166666667,"1b","1b","1b","1b"
2020-03-24 05:00:00,0.584183333333333,8.64388333333333,12.7738,12.2301666666667,"1b","1b","1b","1b"
2020-03-24 06:00:00,0.850933333333333,9.735,14.5522666666667,11.7135666666667,"1b","1b","1b","1b"
2020-03-24 07:00:00,1.69155,10.6961666666667,13.9949,14.78795,"1b","1b","1b","1b"
2020-03-24 08:00:00,2.22808333333333,9.1857,10.2779833333333,19.0987666666667,"1b","1b","1b","1b"
2020-03-24 09:00:00,1.71335,7.79391666666666,8.80655,20.83395,"1b","1b","1b","1b"
2020-03-24 10:00:00,1.57521666666667,6.68283333333333,6.64951666666667,22.4698166666667,"1b","1b","1b","1b"
2020-03-24 11:00:00,1.05671666666667,5.56095,5.3258,25.3095166666667,"1b","1b","1b","1b"
2020-03-24 12:00:00,0.767866666666667,4.73636666666666,4.10561666666667,27.9326666666667,"1b","1b","1b","1b"
2020-03-24 13:00:00,0.773366666666667,4.7648,4.11306666666667,28.95085,"1b","1b","1b","1b"
2020-03-24 14:00:00,0.5786,4.23001666666666,3.52665,30.78615,"1b","1b","1b","1b"
2020-03-24 15:00:00,0.475666666666667,3.93476666666666,3.74208333333333,31.6225833333333,"1b","1b","1b","1b"
2020-03-24 16:00:00,0.431766666666667,4.04646666666666,3.99458333333333,31.8141,"1b","1b","1b","1b"
2020-03-24 17:00:00,0.34605,4.8347,5.65918333333333,30.2621833333333,"1b","1b","1b","1b"
2020-03-24 18:00:00,0.202,5.86393333333333,7.77438333333333,28.0380333333333,"1b","1b","1b","1b"
2020-03-24 19:00:00,0.14425,6.50385,9.01613333333333,26.0718833333333,"1b","1b","1b","1b"
2020-03-24 20:00:00,0.1361,7.91558333333333,11.7848,21.6929333333333,"1b","1b","1b","1b"
2020-03-24 21:00:00,0.16885,6.74228333333333,8.8817,23.5305833333333,"1b","1b","1b","1b"
2020-03-24 22:00:00,0.142116666666667,5.787,7.59713333333333,23.1196833333333,"1b","1b","1b","1b"
2020-03-24 23:00:00,0.154783333333333,6.1133,8.45895,20.6634666666667,"1b","1b","1b","1b"
2020-03-25,0.132,5.5615,7.86323333333333,20.293075,"1b","1b","1b","1b"
2020-03-25 01:00:00,0.178666666666667,4.98328333333333,6.0885,25.0205681818182,"1b","1b","1b","1b"
2020-03-25 02:00:00,0.2262,5.10901666666666,7.0685,22.3448333333333,"1b","1b","1b","1b"
2020-03-25 03:00:00,0.322716666666667,5.62793333333333,7.45003333333333,21.4725333333333,"1b","1b","1b","1b"
2020-03-25 04:00:00,0.1203,4.57988333333333,6.6599,20.5067166666667,"1b","1b","1b","1b"
2020-03-25 05:00:00,0.2195,6.51278333333333,9.36468333333333,20.4626333333333,"1b","1b","1b","1b"
2020-03-25 06:00:00,0.449566666666667,7.53175,12.5819166666667,16.2472,"1b","1b","1b","1b"
2020-03-25 07:00:00,2.47576666666667,13.75565,18.88095,14.73445,"1b","1b","1b","1b"
2020-03-25 08:00:00,1.53698333333333,8.60785,9.85998333333333,24.3272,"1b","1b","1b","1b"
2020-03-25 09:00:00,0.961233333333333,6.04935,6.70455,27.6207666666667,"1b","1b","1b","1b"
2020-03-25 10:00:00,1.02838333333333,5.83021666666666,5.64998333333333,29.4277166666667,"1b","1b","1b","1b"
2020-03-25 11:00:00,0.5825,4.83276666666666,4.27553333333333,31.4305166666667,"1b","1b","1b","1b"
2020-03-25 12:00:00,0.363,3.65468333333333,2.81888333333333,34.07365,"1b","1b","1b","1b"
2020-03-25 13:00:00,0.336883333333333,3.23121666666666,2.33321666666667,35.6627833333333,"1b","1b","1b","1b"
2020-03-25 14:00:00,0.356483333333333,3.20165,2.36178333333333,36.6962,"1b","1b","1b","1b"
2020-03-25 15:00:00,0.274233333333333,3.17095,2.67596666666667,37.1235666666667,"1b","1b","1b","1b"
2020-03-25 16:00:00,0.231683333333333,3.8168,4.24311666666667,36.0943666666667,"1b","1b","1b","1b"
2020-03-25 17:00:00,0.15315,4.29538333333333,5.65778333333333,35.2037333333333,"1b","1b","1b","1b"
2020-03-25 18:00:00,3.23891666666667,12.8813666666666,14.4200333333333,27.2285,"1b","1b","1b","1b"
2020-03-25 19:00:00,4.03015,23.5458,30.7402333333333,15.37205,"1b","1b","1b","1b"
2020-03-25 20:00:00,3.1908,22.9118166666666,28.76085,14.8781833333333,"1b","1b","1b","1b"
2020-03-25 21:00:00,0.5227,15.9424333333333,23.0013833333333,17.54155,"1b","1b","1b","1b"
2020-03-25 22:00:00,3.5273,21.4592833333333,26.5071166666667,14.5197,"1b","1b","1b","1b"
2020-03-25 23:00:00,0.171333333333333,11.4657833333333,16.6673333333333,19.3993833333333,"1b","1b","1b","1b"
2020-03-26,0.157383333333333,10.30185,16.3946666666667,19.017075,"1b","1b","1b","1b"
2020-03-26 01:00:00,0.118733333333333,7.56333333333333,10.6071666666667,19.7503863636364,"1b","1b","1b","1b"
2020-03-26 02:00:00,0.12185,8.4759,14.3955333333333,16.31065,"1b","1b","1b","1b"
2020-03-26 03:00:00,0.129616666666667,9.27983333333333,14.9587,14.8423,"1b","1b","1b","1b"
2020-03-26 04:00:00,0.178083333333333,11.1567833333333,20.58225,10.2036,"1b","1b","1b","1b"
2020-03-26 05:00:00,0.9952,15.4018666666666,26.3996833333333,6.12151666666667,"1b","1b","1b","1b"
2020-03-26 06:00:00,3.5524,18.7406833333333,24.83215,8.44535,"1b","1b","1b","1b"
2020-03-26 07:00:00,6.02818333333333,20.74325,24.6797166666667,12.0579666666667,"1b","1b","1b","1b"
2020-03-26 08:00:00,4.83461666666667,18.4279666666666,21.6859166666667,18.4416833333333,"1b","1b","1b","1b"
2020-03-26 09:00:00,2.14578333333333,10.8208166666667,13.0348166666667,26.1864166666667,"1b","1b","1b","1b"
2020-03-26 10:00:00,1.95121666666667,9.45828333333333,10.8027333333333,28.2692166666667,"1b","1b","1b","1b"
2020-03-26 11:00:00,1.12333333333333,6.80318333333333,7.0463,32.73195,"1b","1b","1b","1b"
2020-03-26 12:00:00,0.70155,5.3939,4.91065,35.4761,"1b","1b","1b","1b"
2020-03-26 13:00:00,0.632366666666667,5.37451666666666,4.45768333333333,36.7196833333333,"1b","1b","1b","1b"
2020-03-26 14:00:00,0.471183333333333,4.8777,4.10941666666667,37.4999666666667,"1b","1b","1b","1b"
2020-03-26 15:00:00,0.41645,4.44253333333333,3.92023333333333,37.1577,"1b","1b","1b","1b"
2020-03-26 16:00:00,0.256933333333333,3.86728333333333,4.02293333333333,36.9176833333333,"1b","1b","1b","1b"
2020-03-26 17:00:00,0.248283333333333,4.74931666666666,6.1864,35.2030166666667,"1b","1b","1b","1b"
2020-03-26 18:00:00,0.116083333333333,5.70678333333333,8.23758333333333,32.9412333333333,"1b","1b","1b","1b"
2020-03-26 19:00:00,0.0961,7.32986666666666,10.5192333333333,30.7860333333333,"1b","1b","1b","1b"
2020-03-26 20:00:00,0.08875,8.03861666666666,11.5661,28.82795,"1b","1b","1b","1b"
2020-03-26 21:00:00,0.0784833333333333,6.42225,8.61973333333333,30.617,"1b","1b","1b","1b"
2020-03-26 22:00:00,0.0820833333333333,5.03865,5.99253333333333,33.1798333333333,"1b","1b","1b","1b"
2020-03-26 23:00:00,0.0693666666666667,4.61586666666666,5.15203333333333,33.50605,"1b","1b","1b","1b"
2020-03-27,0.0781166666666667,6.16818333333333,7.53946666666667,30.270075,"1b","1b","1b","1b"
2020-03-27 01:00:00,0.0815166666666667,5.26931666666666,4.219625,30.7675,"1b","1b","1b","1b"
2020-03-27 02:00:00,0.0990666666666667,5.26368333333333,5.5693,29.5009666666667,"1b","1b","1b","1b"
2020-03-27 03:00:00,0.0911,5.1323,5.1332,30.7832833333333,"1b","1b","1b","1b"
2020-03-27 04:00:00,0.234733333333333,7.54735,9.36901666666667,26.9092333333333,"1b","1b","1b","1b"
2020-03-27 05:00:00,0.3295,8.96295,10.6271666666667,25.9080166666667,"1b","1b","1b","1b"
2020-03-27 06:00:00,0.5066,10.0427833333333,13.08575,24.2362666666667,"1b","1b","1b","1b"
2020-03-27 07:00:00,0.6499,9.92801666666666,12.3596666666667,26.5160166666667,"1b","1b","1b","1b"
2020-03-27 08:00:00,0.83185,9.2893,11.65775,28.4345666666667,"1b","1b","1b","1b"
2020-03-27 09:00:00,0.754916666666667,7.63371666666666,8.16638333333333,31.6749833333333,"1b","1b","1b","1b"
2020-03-27 10:00:00,1.0566,7.39918333333333,7.14431666666667,33.89545,"1b","1b","1b","1b"
2020-03-27 11:00:00,0.6539,6.02358333333333,4.69846666666667,38.2550666666667,"1b","1b","1b","1b"
2020-03-27 12:00:00,0.44615,5.23561666666666,3.57213333333333,40.8886166666667,"1b","1b","1b","1b"
2020-03-27 13:00:00,0.47685,5.3726,3.79876666666667,40.7235833333333,"1b","1b","1b","1b"
2020-03-27 14:00:00,0.529366666666667,5.79841666666666,4.74701666666667,40.1285666666667,"1b","1b","1b","1b"
2020-03-27 15:00:00,0.367016666666667,5.0442,4.16476666666667,42.0459666666667,"1b","1b","1b","1b"
2020-03-27 16:00:00,0.277883333333333,4.99121666666666,4.44626666666667,42.8954166666667,"1b","1b","1b","1b"
2020-03-27 17:00:00,0.164983333333333,4.68805,4.35856666666667,42.2766333333333,"1b","1b","1b","1b"
2020-03-27 18:00:00,0.104533333333333,5.7651,7.2598,39.5498166666667,"1b","1b","1b","1b"
2020-03-27 19:00:00,0.1048,6.91363333333333,8.63475,37.5225333333333,"1b","1b","1b","1b"
2020-03-27 20:00:00,0.0884333333333333,6.12076666666666,7.31315,38.29325,"1b","1b","1b","1b"
2020-03-27 21:00:00,0.102383333333333,6.06023333333333,7.20471666666667,38.03765,"1b","1b","1b","1b"
2020-03-27 22:00:00,0.14275,5.6947,6.09973333333333,38.8540666666667,"1b","1b","1b","1b"
2020-03-27 23:00:00,0.0578333333333333,4.6915,4.44143333333333,39.7273,"1b","1b","1b","1b"
2020-03-28,0.0733333333333333,4.55445,4.59283333333333,38.460375,"1b","1b","1b","1b"
2020-03-28 01:00:00,0.0807333333333333,3.76255,3.14716666666667,37.5581818181818,"1b","1b","1b","1b"
2020-03-28 02:00:00,0.085,3.71106666666666,3.40966666666667,35.7544166666667,"1b","1b","1b","1b"
2020-03-28 03:00:00,0.0727333333333333,3.57795,3.28911666666667,34.4893166666667,"1b","1b","1b","1b"
2020-03-28 04:00:00,0.1807,4.76326666666666,5.22391666666667,32.5444833333333,"1b","1b","1b","1b"
2020-03-28 05:00:00,0.240116666666667,5.41795,5.73028333333333,32.5862833333333,"1b","1b","1b","1b"
2020-03-28 06:00:00,0.157466666666667,4.6029,5.19215,30.4102166666667,"1b","1b","1b","1b"
2020-03-28 07:00:00,0.25145,3.38496666666666,4.13763333333333,28.1603833333333,"1b","1b","1b","1b"
2020-03-28 08:00:00,0.42115,2.93968333333333,3.66475,28.6349666666667,"1b","1b","1b","1b"
2020-03-28 09:00:00,0.3515,2.61508333333333,3.45618333333333,29.0270333333333,"1b","1b","1b","1b"
2020-03-28 10:00:00,0.350866666666667,2.29405,2.87268333333333,30.8843666666667,"1b","1b","1b","1b"
2020-03-28 11:00:00,0.269333333333333,2.42128333333333,3.41648333333333,30.0698,"1b","1b","1b","1b"
2020-03-28 12:00:00,0.247333333333333,1.66748333333333,2.14206666666667,32.1805833333333,"1b","1b","1b","1b"
2020-03-28 13:00:00,0.24825,1.87211666666666,2.487,32.2546166666667,"1b","1b","1b","1b"
2020-03-28 14:00:00,0.262166666666667,1.81661666666666,2.36386666666667,32.9631333333333,"1b","1b","1b","1b"
2020-03-28 15:00:00,0.187833333333333,1.95671666666666,2.98538333333333,32.1688166666667,"1b","1b","1b","1b"
2020-03-28 16:00:00,0.150066666666667,2.15536666666666,3.57573333333333,31.0471,"1b","1b","1b","1b"
2020-03-28 17:00:00,0.27795,2.58436666666666,4.33251666666667,30.4656666666667,"1b","1b","1b","1b"
2020-03-28 18:00:00,0.22295,2.78711666666666,4.83276666666667,29.7757,"1b","1b","1b","1b"
2020-03-28 19:00:00,0.2147,3.0918,5.56173333333333,29.7009333333333,"1b","1b","1b","1b"
2020-03-28 20:00:00,0.2099,2.50543333333333,4.2946,30.16245,"1b","1b","1b","1b"
2020-03-28 21:00:00,0.2687,3.09046666666666,5.52955,28.43845,"1b","1b","1b","1b"
2020-03-28 22:00:00,0.2839,3.13418333333333,5.46331666666667,28.0287166666667,"1b","1b","1b","1b"
2020-03-28 23:00:00,0.1081,1.84531666666666,3.0201,28.9867,"1b","1b","1b","1b"
2020-03-29,0.0897333333333333,1.20603333333333,2.116,29.47905,"1b","1b","1b","1b"
2020-03-29 01:00:00,0.0958333333333333,1.13133333333333,1.88454166666667,28.8124318181818,"1b","1b","1b","1b"
2020-03-29 02:00:00,0.09,0.985016666666663,1.75685,29.0629333333333,"1b","1b","1b","1b"
2020-03-29 03:00:00,0.229,1.87635,3.34096666666667,29.1034,"1b","1b","1b","1b"
2020-03-29 04:00:00,0.232516666666667,1.66906666666666,3.11795,29.48805,"1b","1b","1b","1b"
2020-03-29 05:00:00,0.299483333333333,2.36603333333333,4.12245,28.7322333333333,"1b","1b","1b","1b"
2020-03-29 06:00:00,0.371383333333333,2.68088333333333,4.56306666666667,28.0867666666667,"1b","1b","1b","1b"
2020-03-29 07:00:00,0.510533333333333,2.55468333333333,4.17241666666667,28.34875,"1b","1b","1b","1b"
2020-03-29 08:00:00,0.399766666666667,1.73386666666666,2.51451666666667,29.8696166666667,"1b","1b","1b","1b"
2020-03-29 09:00:00,0.330633333333333,1.518,2.50036666666667,30.4683166666667,"1b","1b","1b","1b"
2020-03-29 10:00:00,0.389983333333333,1.42436666666666,2.13136666666667,30.99355,"1b","1b","1b","1b"
2020-03-29 11:00:00,0.2762,0.981399999999997,1.59963333333333,31.4281833333333,"1b","1b","1b","1b"
2020-03-29 12:00:00,0.399033333333333,1.54503333333333,2.26863333333333,31.4434666666667,"1b","1b","1b","1b"
2020-03-29 13:00:00,0.2744,1.056,1.61738333333333,31.8005,"1b","1b","1b","1b"
2020-03-29 14:00:00,0.306916666666667,1.29238333333333,1.99871666666667,31.5502833333333,"1b","1b","1b","1b"
2020-03-29 15:00:00,0.267933333333333,1.35391666666666,2.25945,31.2454833333333,"1b","1b","1b","1b"
2020-03-29 16:00:00,0.26735,2.24085,4.13845,29.7391833333333,"1b","1b","1b","1b"
2020-03-29 17:00:00,0.268716666666667,2.54216666666666,4.63986666666667,29.4387333333333,"1b","1b","1b","1b"
2020-03-29 18:00:00,0.199566666666667,2.07808333333333,3.70133333333333,30.1027,"1b","1b","1b","1b"
2020-03-29 19:00:00,0.182066666666667,2.63763333333333,4.87826666666667,28.433,"1b","1b","1b","1b"
2020-03-29 20:00:00,0.20345,3.46745,6.60906666666667,26.8168833333333,"1b","1b","1b","1b"
2020-03-29 21:00:00,0.279766666666667,3.43971666666666,5.76548333333333,26.2871333333333,"1b","1b","1b","1b"
2020-03-29 22:00:00,0.07055,1.50655,2.79341666666667,27.6342333333333,"1b","1b","1b","1b"
2020-03-29 23:00:00,0.07325,1.50516666666666,2.8812,27.0014833333333,"1b","1b","1b","1b"
2020-03-30,0.0919166666666667,2.18891666666666,4.0308,25.240975,"1b","1b","1b","1b"
2020-03-30 01:00:00,0.0937166666666667,2.15543333333333,4.39204166666667,24.4863181818182,"1b","1b","1b","1b"
2020-03-30 02:00:00,0.0875333333333333,2.2905,3.78608333333333,23.6431666666667,"1b","1b","1b","1b"
2020-03-30 03:00:00,0.0899666666666667,2.34613333333333,4.15011666666667,23.4364,"1b","1b","1b","1b"
2020-03-30 04:00:00,0.0970166666666667,3.85728333333333,7.1308,21.5011666666667,"1b","1b","1b","1b"
2020-03-30 05:00:00,0.15775,5.93906666666666,10.8294333333333,18.4113,"1b","1b","1b","1b"
2020-03-30 06:00:00,0.5283,7.97913333333333,13.9773666666667,16.34105,"1b","1b","1b","1b"
2020-03-30 07:00:00,1.07336666666667,8.49223333333333,13.9321333333333,16.3291333333333,"1b","1b","1b","1b"
2020-03-30 08:00:00,1.25356666666667,7.55831666666666,11.6688833333333,18.3373833333333,"1b","1b","1b","1b"
2020-03-30 09:00:00,0.537783333333333,3.1144,4.63263333333333,25.2391166666667,"1b","1b","1b","1b"
2020-03-30 10:00:00,0.567816666666667,2.78868333333333,4.97058333333333,26.6696333333333,"1b","1b","1b","1b"
2020-03-30 11:00:00,0.563216666666667,3.39238333333333,5.65485,25.0867166666667,"1b","1b","1b","1b"
2020-03-30 12:00:00,0.715183333333333,3.2536,5.19946666666667,24.3787666666667,"1b","1b","1b","1b"
2020-03-30 13:00:00,0.4771,3.34378333333333,6.11028333333333,26.2949666666667,"1b","1b","1b","1b"
2020-03-30 14:00:00,0.5835,4.2142,7.35075,26.6258333333333,"1b","1b","1b","1b"
2020-03-30 15:00:00,0.447266666666667,3.94343333333333,7.3541,26.9549333333333,"1b","1b","1b","1b"
2020-03-30 16:00:00,0.611366666666667,6.20765,11.6045333333333,23.9447166666667,"1b","1b","1b","1b"
2020-03-30 17:00:00,0.416,6.21533333333333,11.3689666666667,23.6656333333333,"1b","1b","1b","1b"
2020-03-30 18:00:00,0.305766666666667,5.91275,10.9183333333333,22.8186666666667,"1b","1b","1b","1b"
2020-03-30 19:00:00,0.16135,4.43523333333333,8.37066666666667,24.66545,"1b","1b","1b","1b"
2020-03-30 20:00:00,0.187266666666667,3.73673333333333,7.37221666666667,25.0751166666667,"1b","1b","1b","1b"
2020-03-30 21:00:00,0.22265,3.35676666666666,6.23958333333333,27.5146666666667,"1b","1b","1b","1b"
2020-03-30 22:00:00,0.09595,1.72203333333333,3.3265,29.0495166666667,"1b","1b","1b","1b"
2020-03-30 23:00:00,0.06195,1.2992,2.70421666666667,29.2742666666667,"1b","1b","1b","1b"
2020-03-31,0.0954166666666667,1.37708333333333,2.91103333333333,29.4324,"1b","1b","1b","1b"
2020-03-31 01:00:00,0.0977666666666667,1.5974,4.174125,27.8415227272727,"1b","1b","1b","1b"
2020-03-31 02:00:00,0.111916666666667,2.24018333333333,4.43955,26.3299,"1b","1b","1b","1b"
2020-03-31 03:00:00,0.19875,3.83278333333333,7.76173333333333,24.4005833333333,"1b","1b","1b","1b"
2020-03-31 04:00:00,0.216766666666667,3.9325,7.63525,25.15305,"1b","1b","1b","1b"
2020-03-31 05:00:00,0.264116666666667,4.70373333333333,9.14675,23.5273833333333,"1b","1b","1b","1b"
2020-03-31 06:00:00,0.70365,7.11053333333333,13.0151166666667,20.0734,"1b","1b","1b","1b"
2020-03-31 07:00:00,1.01415,5.79301666666666,9.14411666666667,23.9543833333333,"1b","1b","1b","1b"
2020-03-31 08:00:00,0.641266666666667,3.07381666666666,4.70351666666667,28.6677833333333,"1b","1b","1b","1b"
2020-03-31 09:00:00,0.371516666666667,1.81085,3.13718333333333,30.3139333333333,"1b","1b","1b","1b"
2020-03-31 10:00:00,0.4057,2.01095,3.27111666666667,30.5860333333333,"1b","1b","1b","1b"
2020-03-31 11:00:00,0.380883333333333,1.74701666666666,2.84336666666667,31.5833166666667,"1b","1b","1b","1b"
2020-03-31 12:00:00,0.325033333333333,1.2556,1.80611666666667,33.13465,"1b","1b","1b","1b"
2020-03-31 13:00:00,0.364983333333333,1.75243333333333,2.65681666666667,32.6869,"1b","1b","1b","1b"
2020-03-31 14:00:00,0.2731,1.4143,2.1722,32.8657,"1b","1b","1b","1b"
2020-03-31 15:00:00,0.288066666666667,2.0044,3.41405,31.8612166666667,"1b","1b","1b","1b"
2020-03-31 16:00:00,0.240216666666667,2.60396666666666,4.84898333333333,30.6887333333333,"1b","1b","1b","1b"
2020-03-31 17:00:00,0.191133333333333,2.86226666666666,4.91553333333333,30.1132666666667,"1b","1b","1b","1b"
2020-03-31 18:00:00,0.155216666666667,3.43801666666666,6.29831666666667,28.9047166666667,"1b","1b","1b","1b"
2020-03-31 19:00:00,0.146416666666667,4.27396666666666,7.98485,27.1683666666667,"1b","1b","1b","1b"
2020-03-31 20:00:00,0.908783333333333,7.06506666666666,11.99565,22.2017,"1b","1b","1b","1b"
2020-03-31 21:00:00,1.68833333333333,12.7476166666666,17.82095,16.416,"1b","1b","1b","1b"
2020-03-31 22:00:00,0.169416666666667,8.15508333333333,14.9417333333333,16.2753,"1b","1b","1b","1b"
2020-03-31 23:00:00,0.155783333333333,7.70495,15.0441333333333,13.4316666666667,"1b","1b","1b","1b"
