"datetime","TCconc","AE33_BC6","OC","EC","CO2","qc_flag_TCconc","qc_flag_AE33_BC6","qc_flag_OC","qc_flag_EC","qc_flag_CO2"
2025-05-01,9709,1376,9021,688,501.94,"1b","1b","1b","1b","1b"
2025-05-01 01:00:00,8310,1072,7774,536,506.47,"1b","1b","1b","1b","1b"
2025-05-01 02:00:00,7229,794,6832,397,502.33,"1b","1b","1b","1b","1b"
2025-05-01 03:00:00,6903,801,6502,400,509.88,"1b","1b","1b","1b","1b"
2025-05-01 04:00:00,6473,786,6080,393,515.63,"1b","1b","1b","1b","1b"
2025-05-01 05:00:00,6509,779,6119,390,514.27,"1b","1b","1b","1b","1b"
2025-05-01 06:00:00,6501,832,6085,416,518.85,"1b","1b","1b","1b","1b"
2025-05-01 07:00:00,6489,1077,5951,538,536.46,"1b","1b","1b","1b","1b"
2025-05-01 08:00:00,5470,638,5151,319,508.56,"1b","1b","1b","1b","1b"
2025-05-01 09:00:00,5066,530,4801,265,475.27,"1b","1b","1b","1b","1b"
2025-05-01 10:00:00,4711,443,4490,222,453.63,"1b","1b","1b","1b","1b"
2025-05-01 11:00:00,4937,450,4712,225,435.03,"1b","1b","1b","1b","1b"
2025-05-01 12:00:00,4875,430,4660,215,428.48,"1b","1b","1b","1b","1b"
2025-05-01 13:00:00,4805,399,4606,200,425.42,"1b","1b","1b","1b","1b"
2025-05-01 14:00:00,4756,333,4589,166,444.14,"1b","1b","1b","1b","1b"
2025-05-01 15:00:00,5142,420,4932,210,439.8,"1b","1b","1b","1b","1b"
2025-05-01 16:00:00,5103,509,4849,254,428.38,"1b","1b","1b","1b","1b"
2025-05-01 17:00:00,5061,561,4780,280,433.28,"1b","1b","1b","1b","1b"
2025-05-01 18:00:00,5810,860,5380,430,430.7,"1b","1b","1b","1b","1b"
2025-05-01 19:00:00,4517,467,4284,234,425.22,"1b","1b","1b","1b","1b"
2025-05-01 20:00:00,4650,563,4369,282,426.26,"1b","1b","1b","1b","1b"
2025-05-01 21:00:00,5252,830,4837,415,430.48,"1b","1b","1b","1b","1b"
2025-05-01 22:00:00,4503,563,4221,282,425.12,"1b","1b","1b","1b","1b"
2025-05-01 23:00:00,3177,378,2988,189,425.92,"1b","1b","1b","1b","1b"
2025-05-02,2616,273,2479,136,426.52,"1b","1b","1b","1b","1b"
2025-05-02 01:00:00,2120,174,2033,87,429.79,"1b","1b","1b","1b","1b"
2025-05-02 02:00:00,1975,141,1905,70,429.67,"1b","1b","1b","1b","1b"
2025-05-02 03:00:00,1797,144,1725,72,434.88,"1b","1b","1b","1b","1b"
2025-05-02 04:00:00,1892,190,1797,95,430.31,"1b","1b","1b","1b","1b"
2025-05-02 05:00:00,1828,257,1699,128,433.19,"1b","1b","1b","1b","1b"
2025-05-02 06:00:00,2410,338,2241,169,433.25,"1b","1b","1b","1b","1b"
2025-05-02 07:00:00,2450,405,2248,202,451.65,"1b","1b","1b","1b","1b"
2025-05-02 08:00:00,3089,410,2884,205,452.73,"1b","1b","1b","1b","1b"
2025-05-02 09:00:00,3708,556,3430,278,446.68,"1b","1b","1b","1b","1b"
2025-05-02 10:00:00,4825,657,4497,328,449.83,"1b","1b","1b","1b","1b"
2025-05-02 11:00:00,3817,561,3536,280,445.73,"1b","1b","1b","1b","1b"
2025-05-02 12:00:00,4186,535,3918,268,432.89,"1b","1b","1b","1b","1b"
2025-05-02 13:00:00,4402,596,4104,298,426.46,"1b","1b","1b","1b","1b"
2025-05-02 14:00:00,4510,562,4229,281,436.64,"1b","1b","1b","1b","1b"
2025-05-02 15:00:00,4435,693,4088,346,433.03,"1b","1b","1b","1b","1b"
2025-05-02 16:00:00,4310,503,4059,252,422.62,"1b","1b","1b","1b","1b"
2025-05-02 17:00:00,4047,438,3828,219,414.19,"1b","1b","1b","1b","1b"
2025-05-02 18:00:00,3329,334,3162,167,412.95,"1b","1b","1b","1b","1b"
2025-05-02 19:00:00,3060,337,2892,168,416.1,"1b","1b","1b","1b","1b"
2025-05-02 20:00:00,3024,416,2816,208,420.75,"1b","1b","1b","1b","1b"
2025-05-02 21:00:00,2636,356,2458,178,422.5,"1b","1b","1b","1b","1b"
2025-05-02 22:00:00,2716,305,2564,152,425.76,"1b","1b","1b","1b","1b"
2025-05-02 23:00:00,2508,326,2345,163,428.73,"1b","1b","1b","1b","1b"
2025-05-03,2285,266,2152,133,431.81,"1b","1b","1b","1b","1b"
2025-05-03 01:00:00,2975,528,2711,264,434.98,"1b","1b","1b","1b","1b"
2025-05-03 02:00:00,2163,226,2050,113,437.53,"1b","1b","1b","1b","1b"
2025-05-03 03:00:00,2041,209,1936,104,437.31,"1b","1b","1b","1b","1b"
2025-05-03 04:00:00,2415,213,2308,106,436.39,"1b","1b","1b","1b","1b"
2025-05-03 05:00:00,1929,197,1831,98,433.88,"1b","1b","1b","1b","1b"
2025-05-03 06:00:00,1960,178,1871,89,431.15,"1b","1b","1b","1b","1b"
2025-05-03 07:00:00,2008,184,1916,92,428.36,"1b","1b","1b","1b","1b"
2025-05-03 08:00:00,2010,216,1902,108,425.51,"1b","1b","1b","1b","1b"
2025-05-03 09:00:00,2023,197,1925,98,417.86,"1b","1b","1b","1b","1b"
2025-05-03 10:00:00,2060,145,1987,72,415.28,"1b","1b","1b","1b","1b"
2025-05-03 11:00:00,2035,148,1961,74,412.7,"1b","1b","1b","1b","1b"
2025-05-03 12:00:00,2200,165,2117,82,412.89,"1b","1b","1b","1b","1b"
2025-05-03 13:00:00,2315,168,2231,84,414.87,"1b","1b","1b","1b","1b"
2025-05-03 14:00:00,2377,198,2278,99,415.15,"1b","1b","1b","1b","1b"
2025-05-03 15:00:00,2520,248,2396,124,412.14,"1b","1b","1b","1b","1b"
2025-05-03 16:00:00,2598,247,2475,124,411.55,"1b","1b","1b","1b","1b"
2025-05-03 17:00:00,2726,223,2615,112,411.63,"1b","1b","1b","1b","1b"
2025-05-03 18:00:00,2565,209,2460,104,414.2,"1b","1b","1b","1b","1b"
2025-05-03 19:00:00,3061,382,2870,191,419.71,"1b","1b","1b","1b","1b"
2025-05-03 20:00:00,3612,451,3386,226,425.75,"1b","1b","1b","1b","1b"
2025-05-03 21:00:00,4261,668,3927,334,428.57,"1b","1b","1b","1b","1b"
2025-05-03 22:00:00,3522,448,3298,224,427.35,"1b","1b","1b","1b","1b"
2025-05-03 23:00:00,2563,294,2416,147,427.94,"1b","1b","1b","1b","1b"
2025-05-04,2401,241,2280,120,430.97,"1b","1b","1b","1b","1b"
2025-05-04 01:00:00,2048,243,1927,122,432.52,"1b","1b","1b","1b","1b"
2025-05-04 02:00:00,1752,160,1672,80,426.75,"1b","1b","1b","1b","1b"
2025-05-04 03:00:00,1506,114,1449,57,424.38,"1b","1b","1b","1b","1b"
2025-05-04 04:00:00,1568,121,1507,60,424.57,"1b","1b","1b","1b","1b"
2025-05-04 05:00:00,1541,104,1489,52,425.97,"1b","1b","1b","1b","1b"
2025-05-04 06:00:00,1441,85,1399,42,426.51,"1b","1b","1b","1b","1b"
2025-05-04 07:00:00,1495,94,1448,47,428.39,"1b","1b","1b","1b","1b"
2025-05-04 08:00:00,1361,64,1329,32,420.66,"1b","1b","1b","1b","1b"
2025-05-04 09:00:00,1583,82,1542,41,417.94,"1b","1b","1b","1b","1b"
2025-05-04 10:00:00,1721,80,1681,40,415.4,"1b","1b","1b","1b","1b"
2025-05-04 11:00:00,1680,101,1630,50,414.15,"1b","1b","1b","1b","1b"
2025-05-04 12:00:00,1905,89,1861,44,416.76,"1b","1b","1b","1b","1b"
2025-05-04 13:00:00,1919,104,1867,52,417.78,"1b","1b","1b","1b","1b"
2025-05-04 14:00:00,2043,118,1984,59,413.67,"1b","1b","1b","1b","1b"
2025-05-04 15:00:00,2183,124,2121,62,411.51,"1b","1b","1b","1b","1b"
2025-05-04 16:00:00,2169,138,2100,69,410.98,"1b","1b","1b","1b","1b"
2025-05-04 17:00:00,2066,136,1998,68,413.07,"1b","1b","1b","1b","1b"
2025-05-04 18:00:00,2173,154,2096,77,415.45,"1b","1b","1b","1b","1b"
2025-05-04 19:00:00,2385,194,2288,97,417.91,"1b","1b","1b","1b","1b"
2025-05-04 20:00:00,2063,197,1964,98,416.83,"1b","1b","1b","1b","1b"
2025-05-04 21:00:00,2149,235,2032,118,419.31,"1b","1b","1b","1b","1b"
2025-05-04 22:00:00,1884,225,1771,112,421.99,"1b","1b","1b","1b","1b"
2025-05-04 23:00:00,1957,200,1857,100,425.31,"1b","1b","1b","1b","1b"
2025-05-05,1751,200,1651,100,427.94,"1b","1b","1b","1b","1b"
2025-05-05 01:00:00,1576,164,1494,82,425.76,"1b","1b","1b","1b","1b"
2025-05-05 02:00:00,1482,123,1420,62,429.05,"1b","1b","1b","1b","1b"
2025-05-05 03:00:00,1490,91,1444,46,429.92,"1b","1b","1b","1b","1b"
2025-05-05 04:00:00,1571,129,1506,64,430.01,"1b","1b","1b","1b","1b"
2025-05-05 05:00:00,1841,205,1738,102,431.28,"1b","1b","1b","1b","1b"
2025-05-05 06:00:00,1762,145,1689,72,434.81,"1b","1b","1b","1b","1b"
2025-05-05 07:00:00,1572,85,1529,42,427.41,"1b","1b","1b","1b","1b"
2025-05-05 08:00:00,1694,99,1645,50,422.61,"1b","1b","1b","1b","1b"
2025-05-05 09:00:00,1727,109,1673,54,420.69,"1b","1b","1b","1b","1b"
2025-05-05 10:00:00,1917,137,1848,68,419.34,"1b","1b","1b","1b","1b"
2025-05-05 11:00:00,2294,129,2229,64,423.55,"1b","1b","1b","1b","1b"
2025-05-05 12:00:00,2312,113,2255,56,420.26,"1b","1b","1b","1b","1b"
2025-05-05 13:00:00,2406,117,2347,58,415.76,"1b","1b","1b","1b","1b"
2025-05-05 14:00:00,2386,122,2325,61,413.78,"1b","1b","1b","1b","1b"
2025-05-05 15:00:00,2389,109,2335,54,414.93,"1b","1b","1b","1b","1b"
2025-05-05 16:00:00,2526,136,2458,68,417.9,"1b","1b","1b","1b","1b"
2025-05-05 17:00:00,2394,136,2326,68,414.93,"1b","1b","1b","1b","1b"
2025-05-05 18:00:00,2488,143,2416,72,414.87,"1b","1b","1b","1b","1b"
2025-05-05 19:00:00,2407,157,2329,78,416.86,"1b","1b","1b","1b","1b"
2025-05-05 20:00:00,2412,192,2316,96,419.4,"1b","1b","1b","1b","1b"
2025-05-05 21:00:00,2380,246,2257,123,424.15,"1b","1b","1b","1b","1b"
2025-05-05 22:00:00,2377,294,2230,147,426.98,"1b","1b","1b","1b","1b"
2025-05-05 23:00:00,2307,254,2180,127,426.55,"1b","1b","1b","1b","1b"
2025-05-06,2480,286,2337,143,431.36,"1b","1b","1b","1b","1b"
2025-05-06 01:00:00,2128,211,2023,106,436.26,"1b","1b","1b","1b","1b"
2025-05-06 02:00:00,2404,394,2207,197,440.98,"1b","1b","1b","1b","1b"
2025-05-06 03:00:00,2431,393,2235,196,445.21,"1b","1b","1b","1b","1b"
2025-05-06 04:00:00,2241,299,2091,150,446.12,"1b","1b","1b","1b","1b"
2025-05-06 05:00:00,2583,361,2403,180,442.94,"1b","1b","1b","1b","1b"
2025-05-06 06:00:00,2516,383,2324,192,443.48,"1b","1b","1b","1b","1b"
2025-05-06 07:00:00,2068,297,1919,148,436.37,"1b","1b","1b","1b","1b"
2025-05-06 08:00:00,1914,199,1815,100,423.36,"1b","1b","1b","1b","1b"
2025-05-06 09:00:00,1950,195,1853,98,419.04,"1b","1b","1b","1b","1b"
2025-05-06 10:00:00,4169,266,4036,133,433.82,"1b","1b","1b","1b","1b"
2025-05-06 11:00:00,2298,213,2192,106,430.33,"1b","1b","1b","1b","1b"
2025-05-06 12:00:00,2537,251,2412,126,421.75,"1b","1b","1b","1b","1b"
2025-05-06 13:00:00,2463,283,2321,142,441.14,"1b","1b","1b","1b","1b"
2025-05-06 14:00:00,2591,257,2463,128,445.24,"1b","1b","1b","1b","1b"
2025-05-06 15:00:00,2600,241,2479,120,433.68,"1b","1b","1b","1b","1b"
2025-05-06 16:00:00,2636,218,2527,109,421.08,"1b","1b","1b","1b","1b"
2025-05-06 17:00:00,2505,212,2399,106,416.46,"1b","1b","1b","1b","1b"
2025-05-06 18:00:00,2753,237,2635,118,416.35,"1b","1b","1b","1b","1b"
2025-05-06 19:00:00,3071,359,2891,180,419.04,"1b","1b","1b","1b","1b"
2025-05-06 20:00:00,2932,294,2785,147,424.8,"1b","1b","1b","1b","1b"
2025-05-06 21:00:00,3608,470,3373,235,434.17,"1b","1b","1b","1b","1b"
2025-05-06 22:00:00,6566,687,6222,344,436.64,"1b","1b","1b","1b","1b"
2025-05-06 23:00:00,8206,865,7773,432,446.03,"1b","1b","1b","1b","1b"
2025-05-07,5933,686,5590,343,454.7,"1b","1b","1b","1b","1b"
2025-05-07 01:00:00,5260,632,4944,316,462.09,"1b","1b","1b","1b","1b"
2025-05-07 02:00:00,4292,520,4032,260,467.23,"1b","1b","1b","1b","1b"
2025-05-07 03:00:00,3696,453,3470,226,465.89,"1b","1b","1b","1b","1b"
2025-05-07 04:00:00,3254,395,3057,198,463,"1b","1b","1b","1b","1b"
2025-05-07 05:00:00,3426,473,3189,236,460.9,"1b","1b","1b","1b","1b"
2025-05-07 06:00:00,4408,718,4049,359,458,"1b","1b","1b","1b","1b"
2025-05-07 07:00:00,4645,786,4252,393,441.88,"1b","1b","1b","1b","1b"
2025-05-07 08:00:00,3881,821,3470,410,450.28,"1b","1b","1b","1b","1b"
2025-05-07 09:00:00,4517,817,4109,408,448.16,"1b","1b","1b","1b","1b"
2025-05-07 10:00:00,4659,736,4291,368,443.56,"1b","1b","1b","1b","1b"
2025-05-07 11:00:00,4276,665,3944,332,444.7,"1b","1b","1b","1b","1b"
2025-05-07 12:00:00,4093,556,3815,278,444.19,"1b","1b","1b","1b","1b"
2025-05-07 13:00:00,3722,417,3514,208,424.9,"1b","1b","1b","1b","1b"
2025-05-07 14:00:00,3335,356,3157,178,425.01,"1b","1b","1b","1b","1b"
2025-05-07 15:00:00,3397,331,3232,166,424.45,"1b","1b","1b","1b","1b"
2025-05-07 16:00:00,3368,295,3221,148,436.89,"1b","1b","1b","1b","1b"
2025-05-07 17:00:00,3298,276,3160,138,426.6,"1b","1b","1b","1b","1b"
2025-05-07 18:00:00,3303,255,3176,128,414.88,"1b","1b","1b","1b","1b"
2025-05-07 19:00:00,3097,235,2979,118,413.47,"1b","1b","1b","1b","1b"
2025-05-07 20:00:00,2863,223,2751,112,414.65,"1b","1b","1b","1b","1b"
2025-05-07 21:00:00,2773,211,2667,106,417.98,"1b","1b","1b","1b","1b"
2025-05-07 22:00:00,2621,239,2502,120,415.93,"1b","1b","1b","1b","1b"
2025-05-07 23:00:00,2335,157,2257,78,416.77,"1b","1b","1b","1b","1b"
2025-05-08,2271,133,2205,66,419.77,"1b","1b","1b","1b","1b"
2025-05-08 01:00:00,2145,132,2079,66,423.08,"1b","1b","1b","1b","1b"
2025-05-08 02:00:00,2265,174,2178,87,428.62,"1b","1b","1b","1b","1b"
2025-05-08 03:00:00,2203,170,2118,85,426.49,"1b","1b","1b","1b","1b"
2025-05-08 04:00:00,2508,193,2412,96,428.07,"1b","1b","1b","1b","1b"
2025-05-08 05:00:00,2220,213,2114,106,428.16,"1b","1b","1b","1b","1b"
2025-05-08 06:00:00,2401,250,2276,125,428.8,"1b","1b","1b","1b","1b"
2025-05-08 07:00:00,2360,258,2231,129,428.26,"1b","1b","1b","1b","1b"
2025-05-08 08:00:00,2216,246,2093,123,431.98,"1b","1b","1b","1b","1b"
2025-05-08 09:00:00,2075,174,1988,87,421.95,"1b","1b","1b","1b","1b"
2025-05-08 10:00:00,2059,152,1983,76,429.06,"1b","1b","1b","1b","1b"
2025-05-08 11:00:00,2180,160,2100,80,423.47,"1b","1b","1b","1b","1b"
2025-05-08 12:00:00,2462,189,2367,94,419.75,"1b","1b","1b","1b","1b"
2025-05-08 13:00:00,2560,199,2461,100,413.8,"1b","1b","1b","1b","1b"
2025-05-08 14:00:00,2496,214,2389,107,410.19,"1b","1b","1b","1b","1b"
2025-05-08 15:00:00,2329,179,2240,90,424.22,"1b","1b","1b","1b","1b"
2025-05-08 16:00:00,2470,196,2372,98,437.14,"1b","1b","1b","1b","1b"
2025-05-08 17:00:00,2755,203,2653,102,424.54,"1b","1b","1b","1b","1b"
2025-05-08 18:00:00,2876,221,2766,110,419.54,"1b","1b","1b","1b","1b"
2025-05-08 19:00:00,2989,236,2871,118,418.88,"1b","1b","1b","1b","1b"
2025-05-08 20:00:00,3105,270,2970,135,419.2,"1b","1b","1b","1b","1b"
2025-05-08 21:00:00,3036,304,2884,152,419.62,"1b","1b","1b","1b","1b"
2025-05-08 22:00:00,2909,307,2755,154,422.2,"1b","1b","1b","1b","1b"
2025-05-08 23:00:00,3041,355,2864,178,426.62,"1b","1b","1b","1b","1b"
2025-05-09,2830,340,2660,170,431.53,"1b","1b","1b","1b","1b"
2025-05-09 01:00:00,2716,310,2561,155,435.39,"1b","1b","1b","1b","1b"
2025-05-09 02:00:00,2373,268,2239,134,436.83,"1b","1b","1b","1b","1b"
2025-05-09 03:00:00,2229,246,2106,123,438.2,"1b","1b","1b","1b","1b"
2025-05-09 04:00:00,2728,324,2566,162,441.73,"1b","1b","1b","1b","1b"
2025-05-09 05:00:00,2975,450,2750,225,442.71,"1b","1b","1b","1b","1b"
2025-05-09 06:00:00,2753,400,2553,200,436.71,"1b","1b","1b","1b","1b"
2025-05-09 07:00:00,2800,422,2589,211,440.82,"1b","1b","1b","1b","1b"
2025-05-09 08:00:00,3348,559,3068,280,434.9,"1b","1b","1b","1b","1b"
2025-05-09 09:00:00,3305,457,3077,228,430.28,"1b","1b","1b","1b","1b"
2025-05-09 10:00:00,3034,283,2892,142,423.92,"1b","1b","1b","1b","1b"
2025-05-09 11:00:00,3310,280,3170,140,420.06,"1b","1b","1b","1b","1b"
2025-05-09 12:00:00,4292,250,4167,125,415.86,"1b","1b","1b","1b","1b"
2025-05-09 13:00:00,3354,176,3266,88,415.29,"1b","1b","1b","1b","1b"
2025-05-09 14:00:00,3977,221,3867,110,409.57,"1b","1b","1b","1b","1b"
2025-05-09 15:00:00,3596,209,3491,104,401.01,"1b","1b","1b","1b","1b"
2025-05-09 16:00:00,3775,222,3664,111,415.11,"1b","1b","1b","1b","1b"
2025-05-09 17:00:00,3652,202,3551,101,408.5,"1b","1b","1b","1b","1b"
2025-05-09 18:00:00,3452,168,3368,84,406.54,"1b","1b","1b","1b","1b"
2025-05-09 19:00:00,3439,200,3339,100,405.71,"1b","1b","1b","1b","1b"
2025-05-09 20:00:00,4504,398,4305,199,409.45,"1b","1b","1b","1b","1b"
2025-05-09 21:00:00,5543,586,5250,293,413.43,"1b","1b","1b","1b","1b"
2025-05-09 22:00:00,4791,427,4577,214,418.78,"1b","1b","1b","1b","1b"
2025-05-09 23:00:00,4573,386,4380,193,424.84,"1b","1b","1b","1b","1b"
2025-05-10,4240,306,4087,153,432.4,"1b","1b","1b","1b","1b"
2025-05-10 01:00:00,3996,311,3841,156,439.07,"1b","1b","1b","1b","1b"
2025-05-10 02:00:00,4312,329,4147,164,447.4,"1b","1b","1b","1b","1b"
2025-05-10 03:00:00,4665,480,4425,240,454.49,"1b","1b","1b","1b","1b"
2025-05-10 04:00:00,4647,519,4387,260,462.78,"1b","1b","1b","1b","1b"
2025-05-10 05:00:00,4676,618,4367,309,468.17,"1b","1b","1b","1b","1b"
2025-05-10 06:00:00,4034,550,3759,275,461.56,"1b","1b","1b","1b","1b"
2025-05-10 07:00:00,3693,449,3468,224,448.61,"1b","1b","1b","1b","1b"
2025-05-10 08:00:00,4105,548,3831,274,440.84,"1b","1b","1b","1b","1b"
2025-05-10 09:00:00,4206,470,3971,235,431.42,"1b","1b","1b","1b","1b"
2025-05-10 10:00:00,4229,301,4079,150,425.09,"1b","1b","1b","1b","1b"
2025-05-10 11:00:00,3863,196,3765,98,414.64,"1b","1b","1b","1b","1b"
2025-05-10 12:00:00,3690,163,3609,82,411.93,"1b","1b","1b","1b","1b"
2025-05-10 13:00:00,4507,181,4417,90,406.33,"1b","1b","1b","1b","1b"
2025-05-10 14:00:00,3909,190,3814,95,407.1,"1b","1b","1b","1b","1b"
2025-05-10 15:00:00,3676,176,3588,88,405.58,"1b","1b","1b","1b","1b"
2025-05-10 16:00:00,3400,172,3314,86,405.35,"1b","1b","1b","1b","1b"
2025-05-10 17:00:00,3584,161,3503,80,402.75,"1b","1b","1b","1b","1b"
2025-05-10 18:00:00,3853,202,3752,101,404.57,"1b","1b","1b","1b","1b"
2025-05-10 19:00:00,4401,279,4261,140,405.43,"1b","1b","1b","1b","1b"
2025-05-10 20:00:00,6530,458,6301,229,411.22,"1b","1b","1b","1b","1b"
2025-05-10 21:00:00,7770,642,7449,321,418.03,"1b","1b","1b","1b","1b"
2025-05-10 22:00:00,5882,605,5580,302,426.17,"1b","1b","1b","1b","1b"
2025-05-10 23:00:00,7272,558,6993,279,431.83,"1b","1b","1b","1b","1b"
2025-05-11,5455,658,5126,329,437.76,"1b","1b","1b","1b","1b"
2025-05-11 01:00:00,5396,623,5084,312,444.13,"1b","1b","1b","1b","1b"
2025-05-11 02:00:00,4587,568,4303,284,450.3,"1b","1b","1b","1b","1b"
2025-05-11 03:00:00,5448,663,5116,332,457.09,"1b","1b","1b","1b","1b"
2025-05-11 04:00:00,4044,525,3781,262,460.33,"1b","1b","1b","1b","1b"
2025-05-11 05:00:00,3620,370,3435,185,456.55,"1b","1b","1b","1b","1b"
2025-05-11 06:00:00,3464,362,3283,181,447.09,"1b","1b","1b","1b","1b"
2025-05-11 07:00:00,4724,339,4555,170,438.55,"1b","1b","1b","1b","1b"
2025-05-11 08:00:00,3486,355,3308,178,433.3,"1b","1b","1b","1b","1b"
2025-05-11 09:00:00,4097,338,3928,169,425.49,"1b","1b","1b","1b","1b"
2025-05-11 10:00:00,3989,314,3832,157,419.01,"1b","1b","1b","1b","1b"
2025-05-11 11:00:00,4138,237,4019,118,411.5,"1b","1b","1b","1b","1b"
2025-05-11 12:00:00,3327,205,3225,102,407.34,"1b","1b","1b","1b","1b"
2025-05-11 13:00:00,4164,232,4048,116,403.22,"1b","1b","1b","1b","1b"
2025-05-11 14:00:00,3735,233,3619,116,402.46,"1b","1b","1b","1b","1b"
2025-05-11 15:00:00,4214,258,4085,129,402.52,"1b","1b","1b","1b","1b"
2025-05-11 16:00:00,3549,243,3427,122,403.5,"1b","1b","1b","1b","1b"
2025-05-11 17:00:00,4143,242,4022,121,400.25,"1b","1b","1b","1b","1b"
2025-05-11 18:00:00,3768,270,3633,135,400.67,"1b","1b","1b","1b","1b"
2025-05-11 19:00:00,4508,321,4347,160,402.13,"1b","1b","1b","1b","1b"
2025-05-11 20:00:00,4504,460,4274,230,409.69,"1b","1b","1b","1b","1b"
2025-05-11 21:00:00,6276,623,5964,312,416.07,"1b","1b","1b","1b","1b"
2025-05-11 22:00:00,4894,537,4625,268,429.16,"1b","1b","1b","1b","1b"
2025-05-11 23:00:00,5823,521,5562,260,441.82,"1b","1b","1b","1b","1b"
2025-05-12,5278,563,4997,282,450.93,"1b","1b","1b","1b","1b"
2025-05-12 01:00:00,5629,511,5374,256,448.37,"1b","1b","1b","1b","1b"
2025-05-12 02:00:00,4080,406,3877,203,447.96,"1b","1b","1b","1b","1b"
2025-05-12 03:00:00,5103,384,4911,192,450.89,"1b","1b","1b","1b","1b"
2025-05-12 04:00:00,4761,561,4481,280,455.26,"1b","1b","1b","1b","1b"
2025-05-12 05:00:00,5815,564,5533,282,453.8,"1b","1b","1b","1b","1b"
2025-05-12 06:00:00,4369,609,4064,304,448.52,"1b","1b","1b","1b","1b"
2025-05-12 09:00:00,10968,737,10599,368,452.65,"1b","1b","1b","1b","1b"
2025-05-12 10:00:00,3248,539,2979,270,438.97,"1b","1b","1b","1b","1b"
2025-05-12 11:00:00,2344,311,2188,156,443.17,"1b","1b","1b","1b","1b"
2025-05-12 12:00:00,2664,310,2509,155,454.88,"1b","1b","1b","1b","1b"
2025-05-12 13:00:00,2679,368,2495,184,456.92,"1b","1b","1b","1b","1b"
2025-05-12 14:00:00,3193,457,2964,228,447.68,"1b","1b","1b","1b","1b"
2025-05-12 15:00:00,2999,511,2743,256,438.08,"1b","1b","1b","1b","1b"
2025-05-12 16:00:00,2956,586,2663,293,451.31,"1b","1b","1b","1b","1b"
2025-05-12 17:00:00,3038,682,2697,341,445.17,"1b","1b","1b","1b","1b"
2025-05-12 18:00:00,2903,441,2682,220,434.85,"1b","1b","1b","1b","1b"
2025-05-12 19:00:00,2994,561,2713,280,436.37,"1b","1b","1b","1b","1b"
2025-05-12 20:00:00,4358,937,3890,468,448.47,"1b","1b","1b","1b","1b"
2025-05-12 21:00:00,5465,1729,4601,864,461.77,"1b","1b","1b","1b","1b"
2025-05-12 22:00:00,6800,1911,5844,956,472.31,"1b","1b","1b","1b","1b"
2025-05-12 23:00:00,6207,1537,5438,768,469.16,"1b","1b","1b","1b","1b"
2025-05-13,4161,799,3762,400,457.98,"1b","1b","1b","1b","1b"
2025-05-13 01:00:00,2709,366,2526,183,445.57,"1b","1b","1b","1b","1b"
2025-05-13 02:00:00,2640,323,2479,162,437.99,"1b","1b","1b","1b","1b"
2025-05-13 03:00:00,2615,430,2400,215,434.6,"1b","1b","1b","1b","1b"
2025-05-13 04:00:00,2323,360,2143,180,432.19,"1b","1b","1b","1b","1b"
2025-05-13 05:00:00,1963,258,1834,129,427.74,"1b","1b","1b","1b","1b"
2025-05-13 06:00:00,2442,317,2284,158,425.6,"1b","1b","1b","1b","1b"
2025-05-13 07:00:00,2486,363,2304,182,413.16,"1b","1b","1b","1b","1b"
2025-05-13 08:00:00,3301,479,3061,240,428.74,"1b","1b","1b","1b","1b"
2025-05-13 09:00:00,3173,508,2919,254,434.75,"1b","1b","1b","1b","1b"
2025-05-13 10:00:00,3230,438,3011,219,432.07,"1b","1b","1b","1b","1b"
2025-05-13 11:00:00,2859,322,2698,161,429.73,"1b","1b","1b","1b","1b"
2025-05-13 12:00:00,2795,215,2687,108,429.81,"1b","1b","1b","1b","1b"
2025-05-13 13:00:00,2370,193,2274,96,427.67,"1b","1b","1b","1b","1b"
2025-05-13 14:00:00,2483,190,2388,95,442.88,"1b","1b","1b","1b","1b"
2025-05-13 15:00:00,2059,163,1977,82,431.36,"1b","1b","1b","1b","1b"
2025-05-13 16:00:00,2356,185,2263,92,415.68,"1b","1b","1b","1b","1b"
2025-05-13 17:00:00,2632,208,2528,104,407.14,"1b","1b","1b","1b","1b"
2025-05-13 18:00:00,3040,306,2887,153,402.11,"1b","1b","1b","1b","1b"
2025-05-13 19:00:00,2710,292,2564,146,402.15,"1b","1b","1b","1b","1b"
2025-05-13 20:00:00,2878,334,2711,167,402.34,"1b","1b","1b","1b","1b"
2025-05-13 21:00:00,2286,309,2132,154,409.45,"1b","1b","1b","1b","1b"
2025-05-13 22:00:00,2724,337,2555,168,407.92,"1b","1b","1b","1b","1b"
2025-05-13 23:00:00,2406,346,2233,173,412.68,"1b","1b","1b","1b","1b"
2025-05-14,2536,362,2355,181,414.77,"1b","1b","1b","1b","1b"
2025-05-14 01:00:00,2447,363,2265,182,421.57,"1b","1b","1b","1b","1b"
2025-05-14 02:00:00,2526,355,2349,178,425.72,"1b","1b","1b","1b","1b"
2025-05-14 03:00:00,2244,362,2063,181,431.53,"1b","1b","1b","1b","1b"
2025-05-14 04:00:00,2165,316,2007,158,427.27,"1b","1b","1b","1b","1b"
2025-05-14 05:00:00,2032,323,1871,162,427.98,"1b","1b","1b","1b","1b"
2025-05-14 06:00:00,2265,369,2081,184,428.66,"1b","1b","1b","1b","1b"
2025-05-14 07:00:00,2405,500,2155,250,409.03,"1b","1b","1b","1b","1b"
2025-05-14 08:00:00,2909,466,2676,233,428.29,"1b","1b","1b","1b","1b"
2025-05-14 09:00:00,2772,406,2569,203,431.45,"1b","1b","1b","1b","1b"
2025-05-14 10:00:00,3045,560,2765,280,436.41,"1b","1b","1b","1b","1b"
2025-05-14 11:00:00,2593,238,2474,119,423.13,"1b","1b","1b","1b","1b"
2025-05-14 12:00:00,2924,255,2797,128,422.82,"1b","1b","1b","1b","1b"
2025-05-14 13:00:00,2636,257,2507,128,421.06,"1b","1b","1b","1b","1b"
2025-05-14 14:00:00,3462,316,3304,158,415.23,"1b","1b","1b","1b","1b"
2025-05-14 15:00:00,2938,296,2790,148,408.62,"1b","1b","1b","1b","1b"
2025-05-14 16:00:00,3113,229,2998,114,404.25,"1b","1b","1b","1b","1b"
2025-05-14 17:00:00,2665,241,2545,120,399.78,"1b","1b","1b","1b","1b"
2025-05-14 18:00:00,2734,276,2596,138,399.99,"1b","1b","1b","1b","1b"
2025-05-14 19:00:00,2595,271,2460,136,401.98,"1b","1b","1b","1b","1b"
2025-05-14 20:00:00,2593,301,2443,150,406.18,"1b","1b","1b","1b","1b"
2025-05-14 21:00:00,2171,259,2042,130,410.37,"1b","1b","1b","1b","1b"
2025-05-14 22:00:00,2054,252,1928,126,413.46,"1b","1b","1b","1b","1b"
2025-05-14 23:00:00,2127,351,1951,176,416.4,"1b","1b","1b","1b","1b"
2025-05-15,1604,217,1496,108,418.52,"1b","1b","1b","1b","1b"
2025-05-15 01:00:00,1577,225,1465,112,421.15,"1b","1b","1b","1b","1b"
2025-05-15 02:00:00,1728,301,1578,150,421.57,"1b","1b","1b","1b","1b"
2025-05-15 03:00:00,1315,235,1198,118,422.97,"1b","1b","1b","1b","1b"
2025-05-15 04:00:00,1626,196,1528,98,424.31,"1b","1b","1b","1b","1b"
2025-05-15 05:00:00,1291,198,1192,99,425.52,"1b","1b","1b","1b","1b"
2025-05-15 06:00:00,1202,170,1117,85,425.54,"1b","1b","1b","1b","1b"
2025-05-15 07:00:00,1369,233,1253,116,419.96,"1b","1b","1b","1b","1b"
2025-05-15 08:00:00,2107,341,1937,170,439.47,"1b","1b","1b","1b","1b"
2025-05-15 09:00:00,1867,244,1745,122,434.13,"1b","1b","1b","1b","1b"
2025-05-15 10:00:00,2889,547,2616,274,437.72,"1b","1b","1b","1b","1b"
2025-05-15 11:00:00,2028,278,1889,139,428.52,"1b","1b","1b","1b","1b"
2025-05-15 12:00:00,2611,256,2483,128,427.7,"1b","1b","1b","1b","1b"
2025-05-15 13:00:00,2259,243,2138,122,420.27,"1b","1b","1b","1b","1b"
2025-05-15 14:00:00,2457,207,2354,104,418.16,"1b","1b","1b","1b","1b"
2025-05-15 15:00:00,2246,196,2148,98,409.2,"1b","1b","1b","1b","1b"
2025-05-15 16:00:00,2250,194,2153,97,411.41,"1b","1b","1b","1b","1b"
2025-05-15 17:00:00,2128,187,2034,94,406.36,"1b","1b","1b","1b","1b"
2025-05-15 18:00:00,2719,302,2568,151,411,"1b","1b","1b","1b","1b"
2025-05-15 19:00:00,2058,189,1963,94,408.71,"1b","1b","1b","1b","1b"
2025-05-15 20:00:00,2298,215,2190,108,412.61,"1b","1b","1b","1b","1b"
2025-05-15 21:00:00,1950,204,1848,102,410.24,"1b","1b","1b","1b","1b"
2025-05-15 22:00:00,1954,158,1875,79,415.48,"1b","1b","1b","1b","1b"
2025-05-15 23:00:00,1671,155,1594,78,413.94,"1b","1b","1b","1b","1b"
2025-05-16,1838,142,1767,71,419.71,"1b","1b","1b","1b","1b"
2025-05-16 01:00:00,1720,125,1657,62,417.56,"1b","1b","1b","1b","1b"
2025-05-16 02:00:00,2101,121,2040,60,419.98,"1b","1b","1b","1b","1b"
2025-05-16 03:00:00,1913,135,1846,68,417.71,"1b","1b","1b","1b","1b"
2025-05-16 04:00:00,2439,185,2347,92,423.55,"1b","1b","1b","1b","1b"
2025-05-16 05:00:00,2092,165,2010,82,421.6,"1b","1b","1b","1b","1b"
2025-05-16 06:00:00,2673,214,2566,107,428.95,"1b","1b","1b","1b","1b"
2025-05-16 07:00:00,2726,309,2572,154,424.56,"1b","1b","1b","1b","1b"
2025-05-16 08:00:00,3433,432,3217,216,436.86,"1b","1b","1b","1b","1b"
2025-05-16 09:00:00,4296,422,4085,211,430.64,"1b","1b","1b","1b","1b"
2025-05-16 10:00:00,4444,554,4167,277,424.93,"1b","1b","1b","1b","1b"
2025-05-16 11:00:00,2911,233,2794,116,434.66,"1b","1b","1b","1b","1b"
2025-05-16 12:00:00,3051,215,2944,108,435.97,"1b","1b","1b","1b","1b"
2025-05-16 13:00:00,2683,157,2604,78,424.32,"1b","1b","1b","1b","1b"
2025-05-16 14:00:00,3135,177,3047,88,425.36,"1b","1b","1b","1b","1b"
2025-05-16 15:00:00,3298,192,3202,96,431.72,"1b","1b","1b","1b","1b"
2025-05-16 16:00:00,3558,188,3464,94,431.57,"1b","1b","1b","1b","1b"
2025-05-16 17:00:00,3412,214,3305,107,416.99,"1b","1b","1b","1b","1b"
2025-05-16 18:00:00,3302,215,3195,108,416.18,"1b","1b","1b","1b","1b"
2025-05-16 19:00:00,3115,261,2984,130,409.07,"1b","1b","1b","1b","1b"
2025-05-16 20:00:00,3249,313,3092,156,412.37,"1b","1b","1b","1b","1b"
2025-05-16 21:00:00,3018,302,2867,151,410.93,"1b","1b","1b","1b","1b"
2025-05-16 22:00:00,2963,293,2817,146,416.11,"1b","1b","1b","1b","1b"
2025-05-16 23:00:00,2346,274,2209,137,416.23,"1b","1b","1b","1b","1b"
2025-05-17,2082,175,1994,88,421.99,"1b","1b","1b","1b","1b"
2025-05-17 01:00:00,1701,148,1627,74,417.79,"1b","1b","1b","1b","1b"
2025-05-17 02:00:00,1678,138,1609,69,421.59,"1b","1b","1b","1b","1b"
2025-05-17 03:00:00,1608,133,1541,66,419.7,"1b","1b","1b","1b","1b"
2025-05-17 04:00:00,1809,146,1736,73,424.12,"1b","1b","1b","1b","1b"
2025-05-17 05:00:00,1516,114,1459,57,421.54,"1b","1b","1b","1b","1b"
2025-05-17 06:00:00,1596,98,1547,49,424.74,"1b","1b","1b","1b","1b"
2025-05-17 07:00:00,1487,96,1439,48,418,"1b","1b","1b","1b","1b"
2025-05-17 08:00:00,1802,127,1739,64,421.44,"1b","1b","1b","1b","1b"
2025-05-17 09:00:00,1833,167,1750,84,418.85,"1b","1b","1b","1b","1b"
2025-05-17 10:00:00,2217,185,2124,92,421.2,"1b","1b","1b","1b","1b"
2025-05-17 11:00:00,1882,188,1788,94,417.66,"1b","1b","1b","1b","1b"
2025-05-17 12:00:00,2152,205,2050,102,421.84,"1b","1b","1b","1b","1b"
2025-05-17 13:00:00,2382,243,2260,122,414.38,"1b","1b","1b","1b","1b"
2025-05-17 14:00:00,2716,266,2583,133,416.52,"1b","1b","1b","1b","1b"
2025-05-17 15:00:00,2927,244,2805,122,412.92,"1b","1b","1b","1b","1b"
2025-05-17 16:00:00,3108,235,2990,118,413.66,"1b","1b","1b","1b","1b"
2025-05-17 17:00:00,3150,236,3032,118,408.56,"1b","1b","1b","1b","1b"
2025-05-17 18:00:00,3452,283,3311,142,414.07,"1b","1b","1b","1b","1b"
2025-05-17 19:00:00,3707,377,3518,188,417.69,"1b","1b","1b","1b","1b"
2025-05-17 20:00:00,5220,575,4933,288,432.37,"1b","1b","1b","1b","1b"
2025-05-17 21:00:00,9759,1426,9046,713,445.53,"1b","1b","1b","1b","1b"
2025-05-17 22:00:00,11131,1850,10206,925,459.75,"1b","1b","1b","1b","1b"
2025-05-17 23:00:00,7477,1469,6743,734,456.63,"1b","1b","1b","1b","1b"
2025-05-18,4227,548,3953,274,452.17,"1b","1b","1b","1b","1b"
2025-05-18 01:00:00,3306,436,3088,218,439.41,"1b","1b","1b","1b","1b"
2025-05-18 02:00:00,2914,355,2736,178,436.31,"1b","1b","1b","1b","1b"
2025-05-18 03:00:00,2642,291,2497,146,430.74,"1b","1b","1b","1b","1b"
2025-05-18 04:00:00,2703,322,2542,161,432.43,"1b","1b","1b","1b","1b"
2025-05-18 05:00:00,2041,296,1893,148,427.96,"1b","1b","1b","1b","1b"
2025-05-18 06:00:00,2058,239,1938,120,427.87,"1b","1b","1b","1b","1b"
2025-05-18 07:00:00,1863,196,1765,98,423.78,"1b","1b","1b","1b","1b"
2025-05-18 08:00:00,2040,175,1952,88,424.83,"1b","1b","1b","1b","1b"
2025-05-18 09:00:00,2222,178,2133,89,416.92,"1b","1b","1b","1b","1b"
2025-05-18 10:00:00,2594,181,2503,90,418.99,"1b","1b","1b","1b","1b"
2025-05-18 11:00:00,2523,170,2438,85,413.3,"1b","1b","1b","1b","1b"
2025-05-18 12:00:00,2532,168,2448,84,412.91,"1b","1b","1b","1b","1b"
2025-05-18 13:00:00,2490,175,2402,88,407.37,"1b","1b","1b","1b","1b"
2025-05-18 14:00:00,3058,245,2935,122,408.53,"1b","1b","1b","1b","1b"
2025-05-18 15:00:00,2974,259,2844,130,410.17,"1b","1b","1b","1b","1b"
2025-05-18 16:00:00,2984,210,2879,105,410.89,"1b","1b","1b","1b","1b"
2025-05-18 17:00:00,2825,220,2715,110,414.55,"1b","1b","1b","1b","1b"
2025-05-18 18:00:00,3117,226,3004,113,411.55,"1b","1b","1b","1b","1b"
2025-05-18 19:00:00,2653,241,2533,120,405.61,"1b","1b","1b","1b","1b"
2025-05-18 20:00:00,3324,363,3142,182,409.31,"1b","1b","1b","1b","1b"
2025-05-18 21:00:00,2903,367,2720,184,409.06,"1b","1b","1b","1b","1b"
2025-05-18 22:00:00,2666,302,2515,151,415.76,"1b","1b","1b","1b","1b"
2025-05-18 23:00:00,2483,270,2348,135,412.74,"1b","1b","1b","1b","1b"
2025-05-19,2280,209,2175,104,417.6,"1b","1b","1b","1b","1b"
2025-05-19 01:00:00,1855,152,1779,76,417.1,"1b","1b","1b","1b","1b"
2025-05-19 02:00:00,2209,194,2112,97,424.79,"1b","1b","1b","1b","1b"
2025-05-19 03:00:00,2148,213,2041,106,427.02,"1b","1b","1b","1b","1b"
2025-05-19 04:00:00,2242,256,2114,128,434.33,"1b","1b","1b","1b","1b"
2025-05-19 05:00:00,2211,255,2083,128,429.3,"1b","1b","1b","1b","1b"
2025-05-19 06:00:00,2217,225,2105,112,430.44,"1b","1b","1b","1b","1b"
2025-05-19 07:00:00,1910,187,1816,94,427.01,"1b","1b","1b","1b","1b"
2025-05-19 08:00:00,2425,173,2338,86,425.13,"1b","1b","1b","1b","1b"
2025-05-19 09:00:00,2662,209,2558,104,418.24,"1b","1b","1b","1b","1b"
2025-05-19 10:00:00,4101,435,3883,218,421.52,"1b","1b","1b","1b","1b"
2025-05-19 11:00:00,2712,220,2602,110,410.97,"1b","1b","1b","1b","1b"
2025-05-19 12:00:00,3504,273,3368,136,411.11,"1b","1b","1b","1b","1b"
2025-05-19 13:00:00,2886,191,2790,96,409.28,"1b","1b","1b","1b","1b"
2025-05-19 14:00:00,3357,244,3235,122,411.37,"1b","1b","1b","1b","1b"
2025-05-19 15:00:00,3205,230,3090,115,407.72,"1b","1b","1b","1b","1b"
2025-05-19 16:00:00,3472,230,3357,115,411.74,"1b","1b","1b","1b","1b"
2025-05-19 17:00:00,3545,252,3419,126,403.68,"1b","1b","1b","1b","1b"
2025-05-19 18:00:00,3780,267,3646,134,407.27,"1b","1b","1b","1b","1b"
2025-05-19 19:00:00,3951,381,3761,190,406.49,"1b","1b","1b","1b","1b"
2025-05-19 20:00:00,3607,320,3447,160,412.71,"1b","1b","1b","1b","1b"
2025-05-19 21:00:00,3633,401,3433,200,411.82,"1b","1b","1b","1b","1b"
2025-05-19 22:00:00,4321,432,4105,216,419.7,"1b","1b","1b","1b","1b"
2025-05-19 23:00:00,8305,1903,7353,952,417.05,"1b","1b","1b","1b","1b"
2025-05-20,2750,248,2626,124,422.11,"1b","1b","1b","1b","1b"
2025-05-20 01:00:00,2824,308,2670,154,423.52,"1b","1b","1b","1b","1b"
2025-05-20 02:00:00,2393,181,2303,90,428.31,"1b","1b","1b","1b","1b"
2025-05-20 03:00:00,2122,214,2015,107,426.49,"1b","1b","1b","1b","1b"
2025-05-20 04:00:00,2901,329,2737,164,430.56,"1b","1b","1b","1b","1b"
2025-05-20 05:00:00,2413,310,2258,155,426.96,"1b","1b","1b","1b","1b"
2025-05-20 06:00:00,3574,424,3362,212,433.35,"1b","1b","1b","1b","1b"
2025-05-20 07:00:00,4192,584,3900,292,431.99,"1b","1b","1b","1b","1b"
2025-05-20 08:00:00,35955,8472,31719,4236,429.71,"1b","1b","1b","1b","1b"
2025-05-20 09:00:00,26173,7863,22242,3932,431.44,"1b","1b","1b","1b","1b"
2025-05-20 10:00:00,14007,3048,12483,1524,430.34,"1b","1b","1b","1b","1b"
2025-05-20 11:00:00,9317,1692,8471,846,430.22,"1b","1b","1b","1b","1b"
2025-05-20 12:00:00,5269,850,4844,425,426.98,"1b","1b","1b","1b","1b"
2025-05-20 13:00:00,5059,507,4806,254,419.03,"1b","1b","1b","1b","1b"
2025-05-20 14:00:00,5540,605,5238,302,416.69,"1b","1b","1b","1b","1b"
2025-05-20 15:00:00,5234,579,4944,290,411.35,"1b","1b","1b","1b","1b"
2025-05-20 16:00:00,4964,457,4735,228,416.74,"1b","1b","1b","1b","1b"
2025-05-20 17:00:00,4857,570,4572,285,412.6,"1b","1b","1b","1b","1b"
2025-05-20 18:00:00,4607,534,4340,267,415.75,"1b","1b","1b","1b","1b"
2025-05-20 19:00:00,3855,315,3697,158,414.66,"1b","1b","1b","1b","1b"
2025-05-20 20:00:00,3777,318,3618,159,418.89,"1b","1b","1b","1b","1b"
2025-05-20 21:00:00,3462,307,3308,154,422.29,"1b","1b","1b","1b","1b"
2025-05-20 22:00:00,4452,484,4210,242,430.4,"1b","1b","1b","1b","1b"
2025-05-20 23:00:00,4552,648,4228,324,432.68,"1b","1b","1b","1b","1b"
2025-05-21,3874,437,3655,218,441.13,"1b","1b","1b","1b","1b"
2025-05-21 01:00:00,3041,292,2895,146,441.6,"1b","1b","1b","1b","1b"
2025-05-21 02:00:00,3026,272,2890,136,441.78,"1b","1b","1b","1b","1b"
2025-05-21 03:00:00,3411,351,3235,176,438.2,"1b","1b","1b","1b","1b"
2025-05-21 04:00:00,3787,423,3576,212,440.28,"1b","1b","1b","1b","1b"
2025-05-21 05:00:00,3638,494,3391,247,437.78,"1b","1b","1b","1b","1b"
2025-05-21 06:00:00,3809,536,3541,268,439.99,"1b","1b","1b","1b","1b"
2025-05-21 07:00:00,4020,691,3675,346,438.71,"1b","1b","1b","1b","1b"
2025-05-21 08:00:00,4122,655,3794,328,429.03,"1b","1b","1b","1b","1b"
2025-05-21 09:00:00,4309,664,3977,332,430.59,"1b","1b","1b","1b","1b"
2025-05-21 10:00:00,4384,411,4179,206,421.26,"1b","1b","1b","1b","1b"
2025-05-21 11:00:00,4325,361,4144,180,434.67,"1b","1b","1b","1b","1b"
2025-05-21 12:00:00,7084,536,6816,268,442.96,"1b","1b","1b","1b","1b"
2025-05-21 13:00:00,3924,412,3718,206,426.88,"1b","1b","1b","1b","1b"
2025-05-21 14:00:00,4344,491,4098,246,415.87,"1b","1b","1b","1b","1b"
2025-05-21 15:00:00,4618,580,4328,290,416.25,"1b","1b","1b","1b","1b"
2025-05-21 16:00:00,4895,485,4653,242,412.37,"1b","1b","1b","1b","1b"
2025-05-21 17:00:00,4121,373,3934,186,410.35,"1b","1b","1b","1b","1b"
2025-05-21 18:00:00,3857,316,3699,158,408.41,"1b","1b","1b","1b","1b"
2025-05-21 19:00:00,3882,346,3709,173,413.46,"1b","1b","1b","1b","1b"
2025-05-21 20:00:00,4842,433,4626,216,420.5,"1b","1b","1b","1b","1b"
2025-05-21 21:00:00,4524,568,4240,284,426.86,"1b","1b","1b","1b","1b"
2025-05-21 22:00:00,3713,517,3454,258,420.27,"1b","1b","1b","1b","1b"
2025-05-21 23:00:00,2754,256,2626,128,425.18,"1b","1b","1b","1b","1b"
2025-05-22,2945,241,2824,120,427.97,"1b","1b","1b","1b","1b"
2025-05-22 01:00:00,2537,202,2436,101,434.53,"1b","1b","1b","1b","1b"
2025-05-22 02:00:00,2604,185,2511,92,439.92,"1b","1b","1b","1b","1b"
2025-05-22 03:00:00,2583,182,2492,91,450.13,"1b","1b","1b","1b","1b"
2025-05-22 04:00:00,3013,284,2871,142,452.46,"1b","1b","1b","1b","1b"
2025-05-22 05:00:00,2751,296,2603,148,452.82,"1b","1b","1b","1b","1b"
2025-05-22 06:00:00,3032,397,2833,198,446.84,"1b","1b","1b","1b","1b"
2025-05-22 07:00:00,2456,413,2250,206,432.3,"1b","1b","1b","1b","1b"
2025-05-22 08:00:00,2318,298,2169,149,442.29,"1b","1b","1b","1b","1b"
2025-05-22 09:00:00,2576,351,2401,176,436.59,"1b","1b","1b","1b","1b"
2025-05-22 10:00:00,3092,554,2815,277,414.33,"1b","1b","1b","1b","1b"
2025-05-22 11:00:00,3112,561,2832,280,428.35,"1b","1b","1b","1b","1b"
2025-05-22 12:00:00,4239,390,4044,195,426.3,"1b","1b","1b","1b","1b"
2025-05-22 13:00:00,2961,377,2773,188,415.01,"1b","1b","1b","1b","1b"
2025-05-22 14:00:00,3017,388,2823,194,415.99,"1b","1b","1b","1b","1b"
2025-05-22 15:00:00,2698,314,2541,157,422.03,"1b","1b","1b","1b","1b"
2025-05-22 16:00:00,2833,259,2703,130,436.56,"1b","1b","1b","1b","1b"
2025-05-22 17:00:00,2971,255,2844,128,428.84,"1b","1b","1b","1b","1b"
2025-05-22 18:00:00,2954,241,2833,120,421.62,"1b","1b","1b","1b","1b"
2025-05-22 19:00:00,3153,338,2984,169,417.81,"1b","1b","1b","1b","1b"
2025-05-22 20:00:00,3349,392,3153,196,424.47,"1b","1b","1b","1b","1b"
2025-05-22 21:00:00,3741,572,3455,286,433.04,"1b","1b","1b","1b","1b"
2025-05-22 22:00:00,5313,908,4859,454,440.57,"1b","1b","1b","1b","1b"
2025-05-22 23:00:00,2959,332,2793,166,435.75,"1b","1b","1b","1b","1b"
2025-05-23,2662,225,2549,112,436.06,"1b","1b","1b","1b","1b"
2025-05-23 01:00:00,2465,226,2352,113,435.44,"1b","1b","1b","1b","1b"
2025-05-23 02:00:00,2536,230,2421,115,439.72,"1b","1b","1b","1b","1b"
2025-05-23 03:00:00,2215,225,2103,112,438.59,"1b","1b","1b","1b","1b"
2025-05-23 04:00:00,2092,141,2022,70,439.88,"1b","1b","1b","1b","1b"
2025-05-23 05:00:00,2534,222,2423,111,434.72,"1b","1b","1b","1b","1b"
2025-05-23 06:00:00,3376,413,3169,206,432.6,"1b","1b","1b","1b","1b"
2025-05-23 07:00:00,3341,424,3129,212,432.1,"1b","1b","1b","1b","1b"
2025-05-23 08:00:00,3376,342,3205,171,429.38,"1b","1b","1b","1b","1b"
2025-05-23 09:00:00,3564,371,3379,186,420.06,"1b","1b","1b","1b","1b"
2025-05-23 10:00:00,3443,283,3301,142,420.64,"1b","1b","1b","1b","1b"
2025-05-23 11:00:00,3143,199,3044,100,413.86,"1b","1b","1b","1b","1b"
2025-05-23 12:00:00,3177,154,3100,77,411.04,"1b","1b","1b","1b","1b"
2025-05-23 13:00:00,3423,179,3333,90,406.91,"1b","1b","1b","1b","1b"
2025-05-23 14:00:00,3245,161,3165,80,406.52,"1b","1b","1b","1b","1b"
2025-05-23 15:00:00,3131,156,3053,78,404.56,"1b","1b","1b","1b","1b"
2025-05-23 16:00:00,3010,151,2935,76,406.97,"1b","1b","1b","1b","1b"
2025-05-23 17:00:00,3291,207,3188,104,407.95,"1b","1b","1b","1b","1b"
2025-05-23 18:00:00,3185,202,3084,101,418.21,"1b","1b","1b","1b","1b"
2025-05-23 19:00:00,3161,245,3038,122,412.86,"1b","1b","1b","1b","1b"
2025-05-23 20:00:00,3424,255,3296,128,422.93,"1b","1b","1b","1b","1b"
2025-05-23 21:00:00,3018,210,2913,105,424.14,"1b","1b","1b","1b","1b"
2025-05-23 22:00:00,2803,196,2705,98,425.21,"1b","1b","1b","1b","1b"
2025-05-27 09:00:00,2426,182,2335,91,428.82,"1b","1b","1b","1b","1b"
2025-05-27 10:00:00,2963,217,2854,108,419.61,"1b","1b","1b","1b","1b"
2025-05-27 11:00:00,2576,221,2466,110,420.79,"1b","1b","1b","1b","1b"
2025-05-27 12:00:00,2412,138,2343,69,414.12,"1b","1b","1b","1b","1b"
